ID,Price
11001,472547.58
11002,936440.63
11003,1251138.36
11004,2288426.07
11005,2475363.48
11006,2080662.23
11007,1813354.9
11008,2294027.54
11009,504750.69
11010,1115707.77
11011,2701613.15
11012,1277450.19
11013,1415270.89
11014,1464703.47
11015,781634.52
11016,1052144
11017,1099190.18
11018,42749.9
11019,699937.95
11020,428485.53
11021,201609.59
11022,685288.71
11023,310712.93
11024,494499.02
11025,1545718.6
11026,2402399.68
11027,1099190.18
11028,468038.58
11029,898730.39
11030,2056605.12
11031,918771.8
11032,878128.87
11033,1062035.74
11034,1111830.84
11035,1058864.21
11036,343872.86
11037,841448.09
11038,979898.94
11039,1090088.22
11040,936665.33
11041,1910005.59
11042,386184.16
11043,1148678.45
11044,104270.05
11045,1250104.76
11046,1486933.68
11047,1099190.18
11048,760474.17
11049,2495109.13
11050,1462317.45
11051,480660.94
11052,701785.04
11053,1661743.95
11054,929824.39
11055,367470.69
11056,1964445.72
11057,779441.45
11058,1460465.84
11059,417421.58
11060,1029366.08
11061,479.56
11062,975517.45
11063,1873983.29
11064,784856.04
11065,699335.77
11066,204540.63
11067,2218704.98
11068,1048305.45
11069,954785.23
11070,1531573.85
11071,1450914.23
11072,2223500.05
11073,973301.83
11074,1099190.18
11075,919724.72
11076,1411857.92
11077,225195.88
11078,229189.26
11079,1608162.67
11080,2389934.33
11081,492646.64
11082,687600.65
11083,1385876.12
11084,645327.74
11085,605759.17
11086,219116.24
11087,736765.55
11088,1099190.18
11089,914202.79
11090,1396321.03
11091,2301029.81
11092,2266098.75
11093,107409.03
11094,2455305.98
11095,940616.36
11096,750668.35
11097,595075.21
11098,982660.39
11099,1644412.3
11100,2417553.69
11101,1005883.06
11102,1178898.76
11103,674602.63
11104,976893.53
11105,488470.74
11106,913199.04
11107,2704996.14
11108,422686.88
11109,1796679.43
11110,123724.83
11111,412232.27
11112,229769.66
11113,1348752.24
11114,3199079.92
11115,708596.12
11116,54408.64
11117,1409519.45
11118,795627.48
11119,2177073.23
11120,1008661.18
11121,1863865.71
11122,1036615.81
11123,202818.35
11124,1099190.18
11125,925827.47
11126,570294.36
11127,1248064.87
11128,749821.99
11129,2162247.05
11130,2234684.58
11131,826332.84
11132,809498.01
11133,309329.2
11134,1776853.14
11135,1660420.68
11136,386700.77
11137,652265.08
11138,1377842.22
11139,354408.53
11140,2310404.25
11141,1576712.74
11142,1316216.75
11143,859477.83
11144,2295097.78
11145,1099190.18
11146,1125198.99
11147,1753167.92
11148,1338988.59
11149,922536.45
11150,1174507.76
11151,982400.85
11152,1207537.27
11153,1919666.31
11154,1355761.16
11155,1403500
11156,945664.96
11157,180142.34
11158,1053018.47
11159,903303.49
11160,929273.53
11161,776089.78
11162,1193858.33
11163,971516.1
11164,1250128.63
11165,1053840.16
11166,2268433.61
11167,117478.96
11168,889090.58
11169,1012122.81
11170,819035.36
11171,1735654.18
11172,1089021.53
11173,1428819.2
11174,1564105.78
11175,867002.11
11176,802569.98
11177,876804.1
11178,2207050.22
11179,1031827.1
11180,1299441.04
11181,781631.44
11182,1464469.57
11183,930320.04
11184,239053.81
11185,1099190.18
11186,1465469.84
11187,74459.67
11188,722411.74
11189,811341.09
11190,780218.1
11191,1399092.15
11192,960657.76
11193,1530188.37
11194,879438.48
11195,591469.75
11196,507236.53
11197,1078352.01
11198,2439420.32
11199,400876.71
11200,656317.87
11201,1177933.32
11202,945707.45
11203,1635636.36
11204,1099190.18
11205,1161783.74
11206,1007912.01
11207,1200532.92
11208,1111677.71
11209,920902.93
11210,962619.52
11211,1452205.14
11212,514165.49
11213,1413542.73
11214,1583467.35
11215,349272.48
11216,1597765.56
11217,1416862.48
11218,566937.2
11219,3313202.17
11220,235783.97
11221,1985984.25
11222,1456057.02
11223,1199523.57
11224,811931.86
11225,373543.95
11226,492792.3
11227,514717
11228,2159968.33
11229,1086849.34
11230,1228995.64
11231,1713429.43
11232,861999.44
11233,960141.99
11234,595302.26
11235,159387.73
11236,2223651.67
11237,554667.49
11238,470299.08
11239,1564765.57
11240,680341.46
11241,2307479.13
11242,930563.15
11243,941683.81
11244,1229907.89
11245,3024208.13
11246,388763.59
11247,1994887.62
11248,1407390.4
11249,203454.98
11250,1482617.89
11251,392447.52
11252,706168.24
11253,1061180.04
11254,427446.42
11255,1230575.36
11256,788958.33
11257,782003.14
11258,1988749.01
11259,95248.85
11260,1905227.35
11261,853108.34
11262,223927.85
11263,1720350.46
11264,1017639.38
11265,217475.68
11266,866983.04
11267,288355.53
11268,381976.97
11269,1186671.95
11270,1085833.59
11271,438763.61
11272,967381.5
11273,685860.23
11274,736022.61
11275,1438797.78
11276,152907.47
11277,590373.76
11278,1926890.11
11279,572167.82
11280,1036230.59
11281,1407805.98
11282,1625569.17
11283,1017588.48
11284,1707691.22
11285,1229532.35
11286,612415.29
11287,863820.34
11288,654295.5
11289,359964.12
11290,94078.34
11291,1003947.96
11292,1602269.56
11293,2225183.63
11294,2020861.65
11295,984433.72
11296,1055816.38
11297,650093.8
11298,548962.22
11299,1966002.7
11300,297726.82
11301,800025.79
11302,1099190.18
11303,75043.72
11304,2075714.02
11305,1291299.12
11306,1609533.34
11307,149715.95
11308,884180.34
11309,1139073.4
11310,1553229.72
11311,1003241.86
11312,972584.98
11313,760052.83
11314,853947.38
11315,654108.15
11316,952664.51
11317,855461.27
11318,1656119.86
11319,1522486.19
11320,1502796.25
11321,1319604.41
11322,2505540.95
11323,1253719.88
11324,1159213.95
11325,899600.25
11326,1466192.58
11327,242114.87
11328,705915.51
11329,709971.33
11330,769140.68
11331,1143213.43
11332,223323.9
11333,1567626.96
11334,1194030.79
11335,1876297.99
11336,1944196.38
11337,686213.64
11338,1295625.9
11339,774952.39
11340,1182726.66
11341,1639468.74
11342,875661.6
11343,1569525.55
11344,1226019.2
11345,985279.1
11346,2080941.74
11347,244136.74
11348,1797248.21
11349,778403.54
11350,1790034.78
11351,547629.85
11352,388632.41
11353,1178788.02
11354,1715588.36
11355,859188.01
11356,956061.05
11357,768010.65
11358,1630274.36
11359,667882.84
11360,810551.91
11361,1099190.18
11362,890656.28
11363,2661446.43
11364,253787.02
11365,918647.58
11366,1141099.98
11367,1015109.52
11368,1020515.47
11369,500016
11370,1613441.29
11371,807524.79
11372,2309136.11
11373,2128967.43
11374,989941.17
11375,776932.63
11376,571342
11377,1345161.51
11378,1159566.28
11379,965557.19
11380,1099190.18
11381,1696621.03
11382,206941.5
11383,1053070.79
11384,1078752.47
11385,557345.18
11386,1429899.96
11387,1733306.28
11388,1280152.8
11389,468264.98
11390,1709628.59
11391,824695.73
11392,1020591.48
11393,1099190.18
11394,881302.53
11395,857891.09
11396,1233606.69
11397,982543.29
11398,1318645.58
11399,1003323.15
11400,762199.24
11401,1416562.38
11402,1480859.39
11403,15382.82
11404,1099780.26
11405,755218.29
11406,852635.36
11407,1913709.06
11408,1865092.75
11409,580729.15
11410,192203.58
11411,2115989.11
11412,1178355.3
11413,1675374.41
11414,714023.25
11415,1826538.49
11416,1494595.57
11417,1337992.83
11418,1374746.27
11419,1028651.99
11420,2101430.13
11421,796810.43
11422,165251.58
11423,991019.1
11424,574161.25
11425,3957.18
11426,891370.96
11427,800237.91
11428,1116984.71
11429,897421.55
11430,1012523.13
11431,1326140.57
11432,658538.94
11433,1177822.16
11434,1099190.18
11435,1722570.47
11436,864514.81
11437,989165.19
11438,380089.92
11439,2195783.7
11440,3074360.79
11441,279877.2
11442,1516042.02
11443,1324758.68
11444,594204.5
11445,786325.47
11446,2210270.25
11447,310000.58
11448,1099190.18
11449,1099190.18
11450,1099190.18
11451,1084232.58
11452,1708820.47
11453,91047.83
11454,247985.27
11455,1584331.87
11456,79657.1
11457,653689.84
11458,1009063.78
11459,773316.46
11460,2226205.83
11461,776668.43
11462,535033.26
11463,1099190.18
11464,1007232.22
11465,2412286.66
11466,383818.67
11467,816685.21
11468,36532.32
11469,2399143.8
11470,1851243.74
11471,2665396.68
11472,2513037.94
11473,279968.18
11474,2060765.83
11475,975508.21
11476,2029341.67
11477,1294863.05
11478,571484.95
11479,1781766.36
11480,1610586.21
11481,1099190.18
11482,1154641.5
11483,2920745.41
11484,1459130.92
11485,370517.72
11486,1028820.01
11487,1150180.26
11488,300828.84
11489,1452078.65
11490,528503.49
11491,1201797.49
11492,1975089.74
11493,1262588.14
11494,2076081.72
11495,1684888.02
11496,2063723.6
11497,827157.86
11498,288282.81
11499,675237.97
11500,2238624.01
11501,647085.12
11502,1537963.85
11503,554810.69
11504,1099190.18
11505,719910.61
11506,845428.23
11507,737481.45
11508,2051344.43
11509,945723.1
11510,1160167.93
11511,948173.15
11512,2175244.67
11513,693953.71
11514,300458.36
11515,202602.78
11516,978173.36
11517,1394215.25
11518,2258192.07
11519,763192.35
11520,750249.89
11521,2442814.69
11522,1474854.65
11523,1227103.88
11524,553188.94
11525,375359.97
11526,694224.86
11527,434703.66
11528,819169.03
11529,946998.67
11530,1252341.99
11531,249982.41
11532,953312.35
11533,190746.35
11534,243291.16
11535,761413.65
11536,1316069.55
11537,654410.09
11538,661028.19
11539,425240.23
11540,974700.24
11541,776774.31
11542,1620893.23
11543,974864.96
11544,442903.03
11545,369418.94
11546,2523108.15
11547,941144.05
11548,1040662.08
11549,53001.27
11550,1027479.32
11551,725101.79
11552,899830.57
11553,2164187.24
11554,2161409.29
11555,217548.24
11556,664560.01
11557,1373980.7
11558,644363.3
11559,631463.29
11560,1099190.18
11561,78255.05
11562,2019733.72
11563,1099190.18
11564,131642.03
11565,604293.13
11566,924987.92
11567,1823565.73
11568,252089.46
11569,1805211.58
11570,53584.08
11571,567703.22
11572,1794325.44
11573,1168725.85
11574,1729964.59
11575,1347196.01
11576,983133.91
11577,268931.98
11578,1099190.18
11579,732952.03
11580,2240915.22
11581,678057.88
11582,464382.87
11583,1005344.87
11584,776951.7
11585,27640.84
11586,1099190.18
11587,329174.71
11588,1193228.42
11589,949809.03
11590,1292136.59
11591,490576.86
11592,120282.19
11593,2216180.09
11594,1101135.25
11595,1213096.1
11596,1049016.44
11597,1099190.18
11598,695860.17
11599,920711.05
11600,877450.59
11601,1181649.19
11602,2211248.7
11603,412830.71
11604,268514.3
11605,406737.43
11606,2416752.36
11607,765720.08
11608,1132564.14
11609,1764625.8
11610,1010204.72
11611,1989039.61
11612,1767351.7
11613,1073928.89
11614,2736401.3
11615,1323119.57
11616,1250504.87
11617,1237830.08
11618,1464735.55
11619,808496.33
11620,663023.64
11621,1789130.25
11622,1811307.6
11623,1738236.92
11624,673661.91
11625,2112546.82
11626,1296286.51
11627,2331392.69
11628,826676.5
11629,1006970.78
11630,114294.96
11631,909539.09
11632,790317.54
11633,1270078.23
11634,739582.74
11635,939275.04
11636,136925.75
11637,2273577.99
11638,2196240.52
11639,2690930.21
11640,1337054.07
11641,201480.27
11642,1099190.18
11643,471252.96
11644,733908.31
11645,1238622.54
11646,1038277.22
11647,432733.69
11648,1259896.02
11649,210096.32
11650,2305944.04
11651,561204.34
11652,1803277.8
11653,630349.34
11654,1177607.05
11655,43643.9
11656,88212.16
11657,993234.61
11658,1301533.98
11659,1627564.95
11660,1122381.97
11661,2273918.47
11662,2027659.65
11663,943412.75
11664,1966631.84
11665,650528.74
11666,1462377.77
11667,1109940.05
11668,2053557.58
11669,2217216.4
11670,1044163.42
11671,219613.7
11672,115630.16
11673,420719.55
11674,1039684.91
11675,1099190.18
11676,177857.69
11677,84804.07
11678,1905705.72
11679,1004749.9
11680,2128134.34
11681,631706.13
11682,829339.84
11683,2097501.26
11684,562646.63
11685,839663.68
11686,977598.64
11687,1330863.07
11688,1322342.32
11689,878012.72
11690,900658.74
11691,1018673.27
11692,258247.86
11693,705011.85
11694,946164.21
11695,123651.62
11696,1306997.8
11697,2325839.04
11698,707562.48
11699,2197948.85
11700,1099190.18
11701,1099190.18
11702,965635.74
11703,3236830.12
11704,1831708.05
11705,765544.39
11706,1205439.26
11707,2171272.83
11708,1889700.32
11709,1679959.08
11710,1713661.8
11711,972752.3
11712,1575784.45
11713,2206825.15
11714,1017029.17
11715,2518580.98
11716,894745.61
11717,1807846.97
11718,952758.59
11719,738515.86
11720,890768.85
11721,2432443.07
11722,1192116.35
11723,941306.1
11724,1274086.64
11725,128417.1
11726,952855.37
11727,1005739.63
11728,1048998.83
11729,83867.42
11730,1044774.82
11731,24.53
11732,1099190.18
11733,263132.35
11734,1595442.86
11735,1124817.32
11736,43816.65
11737,1112449.91
11738,2868021.64
11739,1099190.18
11740,985295.9
11741,561121.54
11742,981549.52
11743,1889173.49
11744,1786038.87
11745,1779310.63
11746,1392403.56
11747,23375.17
11748,1739566.14
11749,224441.2
11750,613268.28
11751,1092194.01
11752,1011358.15
11753,2204060.96
11754,2226914.08
11755,785504.38
11756,1195670.92
11757,1595229.61
11758,1199366.97
11759,690947.76
11760,553553.04
11761,793611.52
11762,2085275.82
11763,357053.45
11764,851692.12
11765,831224.14
11766,1539378.35
11767,806905.33
11768,2210811.52
11769,883967.76
11770,427.51
11771,386469.06
11772,367304.92
11773,2165445.07
11774,436619.08
11775,1053264.07
11776,2252189.57
11777,131634.76
11778,1362785.96
11779,1092382.76
11780,945497.71
11781,1226164.26
11782,398107.35
11783,1071524.33
11784,2004139.3
11785,777610.02
11786,1423618.77
11787,1462096.23
11788,2154174.75
11789,490073.29
11790,945388.45
11791,952993.53
11792,1050174.77
11793,859597.32
11794,384938.96
11795,1272528.07
11796,143538.99
11797,796599.17
11798,259778.53
11799,987115.75
11800,1099190.18
11801,977574.56
11802,30649.03
11803,2087922.02
11804,1337684.71
11805,547329.3
11806,1579945.45
11807,792012.37
11808,1603377.66
11809,886818.44
11810,1423755.39
11811,1781361.26
11812,1064853.1
11813,945629.82
11814,599806.98
11815,1759421.23
11816,554989.29
11817,1075705.54
11818,1669230.71
11819,1025027.46
11820,1356445.19
11821,3054872.52
11822,1810640.32
11823,2865958.98
11824,2102010.31
11825,2275492.52
11826,1060013.68
11827,1099190.18
11828,820235.89
11829,1167664.48
11830,1398403.09
11831,854838.02
11832,2560987.54
11833,840385.38
11834,414461.21
11835,1414323.9
11836,620395.31
11837,927435.83
11838,728101.66
11839,1592742.03
11840,1099190.18
11841,1690654.08
11842,2552814.76
11843,1168488.85
11844,2509270.51
11845,958392.37
11846,1213268.57
11847,1759852.45
11848,1343269.44
11849,540314.78
11850,761911.18
11851,1002219.64
11852,1011880.64
11853,937210.95
11854,991991.64
11855,1104291.48
11856,606863.89
11857,1216446.48
11858,1379253.84
11859,358007.13
11860,1328420.98
11861,2088466.56
11862,2440545.3
11863,740807.83
11864,303469.83
11865,991119.1
11866,808565.16
11867,909864.23
11868,1099190.18
11869,751067.55
11870,1780786.94
11871,2268646.51
11872,2055503.78
11873,602334.36
11874,654870.25
11875,873858.53
11876,2852296.44
11877,1121715.28
11878,1295030.64
11879,783809.32
11880,179988.94
11881,941513.44
11882,113112.65
11883,1831980.74
11884,403392.94
11885,897571.14
11886,1520494.72
11887,874336.43
11888,754306.32
11889,803503.96
11890,2430083.11
11891,1559720.59
11892,1302840.54
11893,760082.44
11894,1533535.44
11895,1025987.21
11896,1025763.04
11897,1277057.86
11898,716268.13
11899,1220844.74
11900,1198028.56
11901,2007576.35
11902,836757.14
11903,1854078.24
11904,1099190.18
11905,913644.91
11906,2232634.03
11907,871659.51
11908,660159.05
11909,1119798.06
11910,906818.7
11911,2076301.01
11912,564892.05
11913,1137752.57
11914,1054375.99
11915,505464.48
11916,2102284.85
11917,644239.77
11918,592499.35
11919,1017721.12
11920,1548719.53
11921,663754.24
11922,695644.83
11923,952950.01
11924,1099190.18
11925,1093082.51
11926,933698.05
11927,516431.56
11928,663346.92
11929,1001767.07
11930,461824.49
11931,2037083.81
11932,1142621.82
11933,653437.58
11934,818082.29
11935,997454.16
11936,1086240.13
11937,927379.71
11938,868882.57
11939,547298.52
11940,920092.54
11941,1337514.58
11942,1026993.27
11943,143759.94
11944,1737236.13
11945,1198121.59
11946,1496769.81
11947,1147869.03
11948,523080.1
11949,332690.32
11950,1584920.75
11951,2300179.75
11952,1749421.63
11953,1140040.59
11954,1319708.5
11955,1522759.83
11956,921723.61
11957,473695.43
11958,968773.17
11959,937833.68
11960,334816.08
11961,2403384.48
11962,572496.21
11963,164887.53
11964,2187710.14
11965,278768.71
11966,417590.57
11967,1551574.48
11968,1664239.11
11969,1351520.67
11970,170088.47
11971,489919.02
11972,761761.21
11973,1776821.37
11974,1099190.18
11975,693268.36
11976,2095.97
11977,1991900.83
11978,2409186.23
11979,794124.21
11980,2194054.46
11981,2339831.78
11982,290454.79
11983,2166429.35
11984,578029.67
11985,422151.46
11986,1682075.9
11987,857273.41
11988,1393189.61
11989,1481207.12
11990,2433486.74
11991,106838.74
11992,420024.59
11993,1097357.48
11994,1099190.18
11995,1418291.05
11996,1886431.27
11997,1680282.22
11998,655020.38
11999,2083657.75
12000,109850.1
12001,1302568.33
12002,476737.3
12003,922342.39
12004,1099190.18
12005,984117.74
12006,2701775.52
12007,1666308.58
12008,476744.83
12009,951248.81
12010,1040633.06
12011,2517879.81
12012,751198.07
12013,1617688.46
12014,397646.26
12015,1900969.59
12016,680198.9
12017,2863727.71
12018,610898.38
12019,565714.67
12020,2196976.21
12021,2172273.51
12022,82467.06
12023,3023017.55
12024,893883.33
12025,2014689.37
12026,493041.91
12027,2841183.49
12028,872022.44
12029,967625.86
12030,529173.82
12031,1099190.18
12032,665587.86
12033,653572.46
12034,364806.42
12035,1979592.44
12036,2663344.63
12037,1754515.12
12038,846086.16
12039,1196105.21
12040,1239024.67
12041,2026361.29
12042,1205911.89
12043,1099190.18
12044,706324.04
12045,937792.29
12046,1468418.04
12047,1423563.2
12048,847715.48
12049,783878.18
12050,528603.96
12051,1233502.65
12052,223867.14
12053,2192334.03
12054,2676696.58
12055,2399298.34
12056,817077.68
12057,951568.18
12058,851641.11
12059,175068
12060,1238453.73
12061,668194.29
12062,796928.17
12063,498786.51
12064,857226.43
12065,1061375.61
12066,325502.55
12067,1678060.06
12068,675973.3
12069,1302834.63
12070,2067057.09
12071,1839966.68
12072,1071680.15
12073,844202.93
12074,919593.58
12075,556709.07
12076,1255553.67
12077,2398563.79
12078,40801.81
12079,577772.13
12080,793589.17
12081,1324172.32
12082,597290.62
12083,2586430.55
12084,1848922.84
12085,1059225.48
12086,870143.46
12087,490654.85
12088,665029.27
12089,2522679.93
12090,1315714.75
12091,649230.67
12092,1456197.92
12093,799950.79
12094,1269930.86
12095,627557.93
12096,2114921
12097,285790.83
12098,3202938.8
12099,2417685.14
12100,1272564.95
12101,830532.7
12102,2222336.55
12103,924855.26
12104,119195.49
12105,1017975.02
12106,1270105.57
12107,2548805
12108,1099190.18
12109,1099190.18
12110,775667.02
12111,926370.36
12112,625238.41
12113,392892.02
12114,650376.82
12115,1053989.1
12116,923567.57
12117,2518352.87
12118,1554597.73
12119,856959.54
12120,1253407.26
12121,2259229.59
12122,17250.73
12123,1427121.4
12124,171808.29
12125,333138.04
12126,1137645.13
12127,2005319.35
12128,1474405.6
12129,410533.09
12130,1200305.57
12131,1732831.58
12132,1837608.36
12133,1916226.95
12134,330528.95
12135,1566633.49
12136,2070795.91
12137,738787.69
12138,1436883.19
12139,1311812.17
12140,636245.11
12141,1804379.19
12142,1613286.67
12143,2278472.23
12144,248515.66
12145,1066226.41
12146,1822722.76
12147,656002.42
12148,1093236.44
12149,1237938.89
12150,1147627.72
12151,712009.96
12152,1099190.18
12153,2407447.64
12154,333970.76
12155,591425.07
12156,896583.34
12157,1099190.18
12158,2335216.81
12159,1179474.13
12160,151909.93
12161,1028336.71
12162,324693.31
12163,474845.07
12164,849348.71
12165,766567.64
12166,509550.69
12167,1726712.09
12168,1099190.18
12169,2668609.1
12170,1882580.48
12171,690171.86
12172,481301.59
12173,2186862.34
12174,384966.59
12175,260471.23
12176,1505771.33
12177,555778.03
12178,2304404.49
12179,1099190.18
12180,2193060.53
12181,1613872.71
12182,809213.87
12183,2587139.52
12184,1180061.39
12185,561655.95
12186,2491072.59
12187,2208075.76
12188,517690.82
12189,685009.35
12190,525776.23
12191,2222365.4
12192,470601.69
12193,959760.53
12194,1462014.85
12195,2216308.86
12196,1070141.64
12197,1115076.48
12198,2352386.54
12199,1956672.81
12200,1611517.93
12201,2319211.64
12202,175354.47
12203,658124.41
12204,1015400.2
12205,1291024.44
12206,1099190.18
12207,1168779.1
12208,913847.95
12209,1893934.73
12210,2379056.25
12211,2522461.94
12212,799231.75
12213,961613.22
12214,1684141.15
12215,713309.01
12216,2111076.69
12217,1159215.1
12218,1094650.9
12219,2521853.58
12220,1755010.94
12221,2176565.17
12222,875127.16
12223,805379.73
12224,973494.12
12225,2033708.61
12226,642303.76
12227,1765411.2
12228,1099190.18
12229,993281.17
12230,3209762.48
12231,699050.59
12232,1283836
12233,1732616.76
12234,1094843.67
12235,1649928.68
12236,1779752.43
12237,876207.87
12238,1185376.46
12239,1466834.23
12240,940619.8
12241,1989136.63
12242,2323279.67
12243,1413488.12
12244,1099190.18
12245,1181290.69
12246,1497721.6
12247,705196.07
12248,695511.48
12249,450898.13
12250,961314.68
12251,709648.54
12252,974056.11
12253,563353.18
12254,2043193.75
12255,477683.56
12256,902347.95
12257,915456.01
12258,776692.37
12259,333076.73
12260,68862.99
12261,2496871.11
12262,936987.3
12263,1175381.44
12264,599479.09
12265,562790.15
12266,543765.94
12267,1109705.36
12268,140718
12269,703621.32
12270,1121387.69
12271,1054639.59
12272,911728.73
12273,2063250.9
12274,1787282.02
12275,932054.15
12276,110847.24
12277,996005.17
12278,95423.91
12279,1167884.13
12280,403647.62
12281,1743136.84
12282,1499193.63
12283,625355.7
12284,546513.22
12285,1339110.94
12286,956162
12287,2230982.88
12288,663435.15
12289,669395.96
12290,1099190.18
12291,1408333.54
12292,1107120.16
12293,1064186.23
12294,2396571.4
12295,1039641.65
12296,694667.07
12297,853627.69
12298,1312985.06
12299,918662.54
12300,120473.38
12301,802454.35
12302,133404.01
12303,632458.24
12304,206603.2
12305,790787.12
12306,963751.32
12307,612993
12308,1045911.33
12309,2542011.31
12310,900683.25
12311,957294.85
12312,847069.02
12313,875865.61
12314,1822644.16
12315,1353188.2
12316,1574720.15
12317,1125828.35
12318,1585758.53
12319,888675.55
12320,447735.03
12321,1478028.12
12322,1033403.43
12323,699818.99
12324,324010.5
12325,1252234.83
12326,2187342.22
12327,1028535.07
12328,923705.83
12329,970243.35
12330,1604347.62
12331,628182.23
12332,164383.75
12333,1099190.18
12334,1799276.39
12335,1339532.31
12336,502272.83
12337,48455.6
12338,1502641.02
12339,1219923.77
12340,1941392.63
12341,843333.21
12342,207340.15
12343,1840044.1
12344,662524.55
12345,609436.66
12346,693800.1
12347,1099190.18
12348,179588.76
12349,969499.17
12350,2081935.48
12351,1835344.36
12352,1308607.91
12353,2373130.71
12354,1253974.62
12355,2317931.56
12356,471560.91
12357,1033961.71
12358,888777.13
12359,479572.39
12360,1419898.79
12361,622779.46
12362,2168712.57
12363,886054.05
12364,142418.12
12365,1189431.39
12366,1022561.06
12367,706783.98
12368,198781.97
12369,182715.52
12370,1174994.8
12371,177929.22
12372,2283320.99
12373,792881.98
12374,672998.82
12375,2281850.01
12376,1222438.61
12377,648337.72
12378,1350923.18
12379,2488734.3
12380,1078868.95
12381,1131151.61
12382,1002971.96
12383,575647.16
12384,722343.03
12385,2004714.58
12386,1099190.18
12387,672613.84
12388,170115.51
12389,2307574.51
12390,2287415.68
12391,1146184.87
12392,346011.4
12393,998138.76
12394,2162319.55
12395,1027536.73
12396,1448666.9
12397,59493.44
12398,119539.64
12399,2371235.34
12400,2249966.41
12401,1142979.25
12402,873779.09
12403,346641.78
12404,2126462.49
12405,1408716.87
12406,3138618.66
12407,945217.71
12408,963951.19
12409,1301661.95
12410,1641814.78
12411,950264.93
12412,456590.13
12413,1926771.44
12414,838496.94
12415,446855.02
12416,2143121.7
12417,309492.15
12418,806926.76
12419,2398297.04
12420,1172347.82
12421,1099190.18
12422,700303.1
12423,113892.52
12424,1047066.5
12425,17341.46
12426,1355135.79
12427,1086156.5
12428,1966873.52
12429,714426.47
12430,957974.46
12431,858331.97
12432,1083212.18
12433,965486.57
12434,875354.5
12435,2278946.08
12436,610901.04
12437,3201512.34
12438,1672892.53
12439,82061.06
12440,501867.72
12441,1524116.77
12442,939693.01
12443,432519.36
12444,393548.01
12445,965906.16
12446,1547432.37
12447,333041.45
12448,862168.19
12449,363666.88
12450,508290.51
12451,1064638.78
12452,714089.76
12453,1596320.69
12454,2115810.03
12455,1118439.52
12456,736421.19
12457,1327622.4
12458,1513849.9
12459,1973182.22
12460,1263874.95
12461,2862175.97
12462,776981.18
12463,551368.11
12464,95554.89
12465,324314.64
12466,1099190.18
12467,2674269.72
12468,728867.77
12469,1099190.18
12470,2213095.75
12471,1955973.47
12472,419035.36
12473,686389.77
12474,340282.31
12475,496148.4
12476,660749.54
12477,845737.04
12478,902588.97
12479,27904.29
12480,2196861.21
12481,953598.76
12482,1099190.18
12483,3208845.99
12484,856376.73
12485,306654.99
12486,1099190.18
12487,1099190.18
12488,2717797.02
12489,1412573.73
12490,1602994.66
12491,942525.99
12492,784116.67
12493,3240749.56
12494,1261214.01
12495,2072244.3
12496,1210415.57
12497,2064111.11
12498,2049963.34
12499,1080457.93
12500,765951.6
12501,1548573.21
12502,346801.92
12503,1339532.74
12504,2205780.24
12505,228331.21
12506,1988582.85
12507,1438890.63
12508,2865260.03
12509,2148451.78
12510,795785.27
12511,975941.94
12512,22692.88
12513,413670.35
12514,796182.35
12515,1066003.25
12516,938988.25
12517,915152.97
12518,1158710.02
12519,1811424.88
12520,946707.55
12521,210466.64
12522,1195117.68
12523,694564.62
12524,879707.14
12525,42092.37
12526,891571.69
12527,478071.89
12528,1783642.58
12529,189413.2
12530,576883.38
12531,894925.65
12532,666479.93
12533,1099190.18
12534,1595418.11
12535,306305.04
12536,3035654.65
12537,1201996.96
12538,1392092.87
12539,181355.03
12540,1063071.91
12541,744056.64
12542,1246458.41
12543,1248562.65
12544,1106144.38
12545,2222405.79
12546,1099190.18
12547,701218.09
12548,821681.6
12549,2135452.73
12550,147336.3
12551,1099190.18
12552,1099190.18
12553,420033.92
12554,250612.53
12555,1099190.18
12556,1099190.18
12557,1328235.51
12558,373909.2
12559,1099190.18
12560,2297835.72
12561,2061824.68
12562,826043.95
12563,1341953.23
12564,2124238.14
12565,360025.74
12566,860935.89
12567,635061.21
12568,804806.39
12569,1651720.11
12570,904643.24
12571,946429.13
12572,1660762.4
12573,623929.36
12574,2533679.91
12575,1099190.18
12576,682148.03
12577,701772.09
12578,976240.15
12579,1006259.24
12580,28783.68
12581,211081.25
12582,3042723.15
12583,1099190.18
12584,718299.84
12585,100779.37
12586,2068579.76
12587,599317.93
12588,2184303.49
12589,511157.24
12590,1066660.11
12591,1202336.43
12592,489815.19
12593,2089882.79
12594,1099190.18
12595,170384.19
12596,672976.85
12597,2233649.34
12598,654760.16
12599,788865.85
12600,1099190.18
12601,973693.64
12602,921952.41
12603,684583.73
12604,988765.37
12605,627290.63
12606,689130.04
12607,1099190.18
12608,2261295.54
12609,2096170.39
12610,555654.16
12611,198053.75
12612,1129837.26
12613,1321863.87
12614,570942.14
12615,1770256.75
12616,2297822.39
12617,1410065.48
12618,449851.41
12619,494072.28
12620,1499471.24
12621,753035.04
12622,1757740.65
12623,1385853.63
12624,3605.99
12625,817912.37
12626,931227.93
12627,1168879.06
12628,1307608.47
12629,2135377.92
12630,753246.34
12631,2119034.98
12632,334628.57
12633,633311.98
12634,965058.01
12635,1099190.18
12636,1099190.18
12637,13016.54
12638,463348.9
12639,2655855.38
12640,916702.87
12641,1398675.12
12642,870499.83
12643,1534756.98
12644,118244.56
12645,2434274.28
12646,880471.05
12647,1718196.56
12648,2490776.63
12649,1978369.21
12650,996848.18
12651,943270.31
12652,915441.73
12653,759106.4
12654,1082296.42
12655,53022.33
12656,929922.4
12657,824188.71
12658,1892547.99
12659,143418.52
12660,249692.56
12661,778968.22
12662,409098.59
12663,1443773.18
12664,2217215.46
12665,2091328.67
12666,2008069.03
12667,823446.12
12668,1038300.65
12669,1386965.18
12670,1425356.71
12671,46728.54
12672,893486.16
12673,1282665.44
12674,1245750.02
12675,1668148.37
12676,1099190.18
12677,312862.43
12678,963841
12679,1455111.05
12680,1560322.18
12681,1400996.03
12682,745041.47
12683,1099190.18
12684,1881442.75
12685,207373.69
12686,1099190.18
12687,391346.62
12688,756706.1
12689,1099190.18
12690,389841.14
12691,2008279.19
12692,995693.64
12693,557950.25
12694,724197.62
12695,2539527.08
12696,850043.24
12697,417835.26
12698,1105045.25
12699,891759.03
12700,879464.64
12701,142824.29
12702,929031.91
12703,938090.44
12704,2336453.1
12705,93654.98
12706,2310862.74
12707,748130.09
12708,2226643.82
12709,609619.15
12710,1030985.61
12711,831480.26
12712,783074.74
12713,1683009.62
12714,424498.57
12715,318708.04
12716,360611.12
12717,1332198.81
12718,678763.06
12719,1575040.37
12720,1406537.76
12721,489201.7
12722,1660746.83
12723,581768.07
12724,1861396.62
12725,405197.36
12726,1122561.39
12727,1109806.33
12728,639039.64
12729,1736667.51
12730,671539.61
12731,1096399.05
12732,1268031.9
12733,1099190.18
12734,1362861.6
12735,481182.4
12736,839469.15
12737,1796476.01
12738,2197349.81
12739,945163.4
12740,1465859.26
12741,1261958.07
12742,1118477.57
12743,844401.77
12744,1225666.23
12745,2515122.94
12746,1466530.44
12747,1099190.18
12748,851864.64
12749,212141.44
12750,251785.43
12751,925838.68
12752,1225798.68
12753,225435.74
12754,1741223.42
12755,814718.03
12756,1982960.87
12757,1099190.18
12758,171802.26
12759,1202127.69
12760,710027.36
12761,1433929.44
12762,179449.88
12763,1442432.09
12764,1018238.41
12765,616922.27
12766,2040733.29
12767,1244492.13
12768,983085.21
12769,869958.79
12770,396310.12
12771,932219.68
12772,2725201.78
12773,847335.84
12774,1560066.06
12775,314784.43
12776,746299.23
12777,6544.73
12778,1831152.56
12779,1521855.1
12780,970595.44
12781,447281.14
12782,861415.79
12783,320446.95
12784,336898.99
12785,2026583.2
12786,1099190.18
12787,1028071.33
12788,427270.07
12789,1770660.3
12790,1261356
12791,971700.16
12792,1875347.01
12793,671477.23
12794,1030471.53
12795,2508813.5
12796,2126751.85
12797,839635
12798,45419.05
12799,1099190.18
12800,687624.35
12801,1083172.58
12802,872205.12
12803,931357.07
12804,1202070.08
12805,1229687.76
12806,1099190.18
12807,1820524.41
12808,1229214.89
12809,1007320.35
12810,204850.34
12811,546842.46
12812,110336.33
12813,289293.26
12814,1099190.18
12815,802661.56
12816,686507.91
12817,1495633.51
12818,1418895.18
12819,787552.91
12820,891708.04
12821,1971634.75
12822,1341488.63
12823,2399105.18
12824,2682782.55
12825,1622337.11
12826,1368991.96
12827,2297865.75
12828,1024059.95
12829,1582806.63
12830,1809010.32
12831,500804.85
12832,754095.68
12833,1029911.98
12834,2214255.85
12835,1096818.37
12836,656830.04
12837,1607972.44
12838,949683.66
12839,273490.7
12840,656114.59
12841,946753.82
12842,587732.66
12843,1025418.03
12844,571020.67
12845,363215.43
12846,698711.44
12847,405679.59
12848,1999704.84
12849,326134.45
12850,1044102.47
12851,516778.9
12852,1913288.22
12853,868700.19
12854,1026073.4
12855,791349.57
12856,1377277.24
12857,507977.5
12858,1099190.18
12859,1028227.13
12860,598199.32
12861,2183369.16
12862,1444094.72
12863,422521.11
12864,407406.66
12865,1044838.1
12866,577178.52
12867,753636.72
12868,297447.94
12869,1908068.85
12870,1969456.11
12871,575610.13
12872,868978.42
12873,1600847.78
12874,848929.75
12875,978385.26
12876,910370.38
12877,2136476.65
12878,5918.97
12879,1386456.48
12880,383999.62
12881,714946.24
12882,869987.12
12883,1101385.09
12884,1569814.53
12885,322730.62
12886,1433826.52
12887,1443802.28
12888,296804.83
12889,1099190.18
12890,1804356.98
12891,283358.5
12892,549140.52
12893,326010.82
12894,1386303.41
12895,1099190.18
12896,100128.87
12897,575961.69
12898,182920.89
12899,509156.39
12900,1785794.38
12901,1927984.91
12902,546690.16
12903,857959.28
12904,331642.14
12905,641965.65
12906,2423798.77
12907,660545.95
12908,887817.64
12909,1001750.57
12910,764693.65
12911,1488587.35
12912,1402595.13
12913,1215552.83
12914,1099190.18
12915,2206953.88
12916,2252246.91
12917,779417.13
12918,944250.72
12919,686915.25
12920,585577.45
12921,934501.58
12922,8974.83
12923,1198342.99
12924,1703871.01
12925,1294429.4
12926,50156.37
12927,828476.1
12928,402597.78
12929,1376413.98
12930,2670117.24
12931,2188946.07
12932,834319.67
12933,1546534.84
12934,2423586.95
12935,1206828.68
12936,3288346.27
12937,1228476.89
12938,2124278.92
12939,2592514.27
12940,682509.99
12941,356885.14
12942,2083640.08
12943,1636813.04
12944,1256391.72
12945,1686476.67
12946,3147177.56
12947,524722.96
12948,10896.08
12949,1352629.95
12950,2186247.99
12951,965573.04
12952,76694.93
12953,392941.52
12954,753410.95
12955,868052.97
12956,803681.01
12957,1240300.34
12958,2247497.9
12959,1951655.65
12960,463358.08
12961,1094921.66
12962,178415.61
12963,1185269.39
12964,64410.09
12965,1243970.75
12966,898714.8
12967,1106144.09
12968,1670029.61
12969,421054.25
12970,217703.39
12971,166872.24
12972,397585.52
12973,937770.66
12974,924800.36
12975,173561.28
12976,131072.52
12977,1468736.4
12978,2632944.85
12979,1966614.68
12980,283532.38
12981,670227.35
12982,970800.61
12983,1019021.73
12984,1439149.11
12985,700990.03
12986,320.34
12987,1099190.18
12988,957936.68
12989,549696.27
12990,1377666.62
12991,1096602.05
12992,1311759.54
12993,1034090.7
12994,1148959.7
12995,97273.05
12996,321984.47
12997,1285679.49
12998,1144048.16
12999,1471830.17
13000,749110.81
13001,908484.73
13002,1190562.49
13003,253326.51
13004,238256.97
13005,493560.03
13006,313752.78
13007,1272201.53
13008,2596444.83
13009,1597900.14
13010,1511889.54
13011,159863.71
13012,639108.98
13013,805822.87
13014,608482.5
13015,869815.87
13016,2296933.42
13017,1017545.58
13018,742057.32
13019,792576.58
13020,415686.88
13021,192759.74
13022,256736.79
13023,2121375.46
13024,1820661.64
13025,1381814.8
13026,1146785.7
13027,1657445.63
13028,1791386.98
13029,1542779.25
13030,919186.64
13031,1234207.49
13032,369085.31
13033,768092.3
13034,297563.62
13035,1095186.64
13036,939404.86
13037,1017851.82
13038,1099190.18
13039,379873.26
13040,1099190.18
13041,251367.8
13042,2208215.99
13043,1370371.77
13044,2441506.91
13045,2064102.94
13046,1312366.55
13047,988669.1
13048,1373484.09
13049,1245174
13050,1673232.23
13051,170133.43
13052,1464449.73
13053,2544516.18
13054,1105002.89
13055,326351.97
13056,978252.37
13057,1196919.73
13058,2228187.05
13059,106500.54
13060,89818.45
13061,939145.95
13062,1238033.49
13063,1099190.18
13064,892566.15
13065,478308.59
13066,1925630.48
13067,1523060.64
13068,2021488.33
13069,1927577.46
13070,2627923.19
13071,910972.48
13072,871072.98
13073,1317753.08
13074,827253.82
13075,1821880.09
13076,964084.23
13077,848984.02
13078,493792.22
13079,119587.6
13080,491402.68
13081,1099190.18
13082,557194.47
13083,2201549.75
13084,668555.68
13085,908105.4
13086,1019679.9
13087,761540.85
13088,1301032.22
13089,956850.76
13090,107456.26
13091,8420.67
13092,1673367.08
13093,1465828.6
13094,1368217.11
13095,1099190.18
13096,932518.13
13097,1099190.18
13098,841235.46
13099,956866.48
13100,604391.84
13101,1121812.54
13102,1786077.5
13103,854825.3
13104,727576.1
13105,1099190.18
13106,1099190.18
13107,2033301.78
13108,124371.87
13109,1330011.02
13110,389086.07
13111,94536.34
13112,642513.72
13113,906908.34
13114,1958804.43
13115,1194466.62
13116,1755533.72
13117,2307429.01
13118,2110026.7
13119,1746283.78
13120,2292035.44
13121,1768290.13
13122,1475993.03
13123,792083.04
13124,1260080.2
13125,285960.82
13126,2341741.22
13127,709668.6
13128,2047368.14
13129,301456.03
13130,142191.92
13131,2125553.19
13132,845126.48
13133,823146.54
13134,1591823.56
13135,1378306.98
13136,88726.01
13137,1239901.05
13138,592162.44
13139,768856.57
13140,384530.33
13141,669421.69
13142,798592.63
13143,1754328.21
13144,590838.49
13145,1505472.57
13146,482799.41
13147,1517147.83
13148,612329.21
13149,654485.27
13150,432155.07
13151,2163711.17
13152,777197.64
13153,971563.74
13154,1392676.6
13155,248821.2
13156,1517606.23
13157,1066801.1
13158,1307821.97
13159,1215266.84
13160,936969.64
13161,669503.4
13162,1450444.56
13163,1012791.4
13164,1175851.89
13165,922745.99
13166,1452122.12
13167,1737615.82
13168,1099190.18
13169,1099190.18
13170,1187236.18
13171,1436630.9
13172,207308.3
13173,971154.1
13174,554364.09
13175,803886.03
13176,1740710.42
13177,1112614.08
13178,749031.84
13179,827542.48
13180,523074.67
13181,2400259.52
13182,556894.54
13183,1918140.83
13184,564713.07
13185,2028846.75
13186,1108864.36
13187,1099190.18
13188,1553418.69
13189,323390.84
13190,1176825.23
13191,1009084.61
13192,781978.6
13193,489996.4
13194,539939.07
13195,1154955.73
13196,1210741.95
13197,1205281.38
13198,2568591.46
13199,1561846.97
13200,1098268.85
13201,1081973.34
13202,1835074.84
13203,969290.7
13204,1013354.11
13205,1025673.73
13206,716357.52
13207,674437.32
13208,1851326.79
13209,680254.33
13210,834613.42
13211,2060536.84
13212,1995590.09
13213,1099190.18
13214,1195675.4
13215,1111522.71
13216,1056802.46
13217,1252084.9
13218,1106898.82
13219,1022869.91
13220,1169581.26
13221,139679.11
13222,299147.32
13223,990424.39
13224,1523581.33
13225,410679.52
13226,1014557.06
13227,21043.09
13228,1099190.18
13229,331052.33
13230,2085567.97
13231,2208283.24
13232,897868.73
13233,1985928.44
13234,584726.16
13235,947366.3
13236,2074808.33
13237,975189.73
13238,1269732.05
13239,2174804.46
13240,1099190.18
13241,2534296.34
13242,1743669.47
13243,888998.88
13244,221683.79
13245,2104883.71
13246,994985.74
13247,833697.26
13248,2582530.68
13249,1099190.18
13250,2414589.77
13251,831142.63
13252,1008920.71
13253,1464216.95
13254,1238742.07
13255,1445207.96
13256,2482505.08
13257,2069028.72
13258,215812.79
13259,1264758.27
13260,1042282.68
13261,5271362.72
13262,1785483.22
13263,1506533.7
13264,1071230.5
13265,939014.84
13266,1070512.42
13267,621631.47
13268,417724.34
13269,1099190.18
13270,1505129.54
13271,36713.8
13272,1789956.99
13273,960432.75
13274,1169592.17
13275,1318961.62
13276,89067.39
13277,2077910.49
13278,120784.48
13279,580398.06
13280,1036703.2
13281,1968172.6
13282,2859275.06
13283,833348.69
13284,1973453.76
13285,545549.78
13286,930734.77
13287,828617.25
13288,1457515.87
13289,2043409.35
13290,926483.91
13291,960221.97
13292,1015143.52
13293,476362
13294,480938.28
13295,945933.87
13296,1024448.36
13297,1099190.18
13298,1010585.27
13299,164185.94
13300,674302.14
13301,2146223.4
13302,1042876.58
13303,394524.88
13304,1609272.41
13305,1824950.05
13306,384724.24
13307,284038.65
13308,682563.99
13309,861325.36
13310,1306776.71
13311,1099190.18
13312,19277.83
13313,590928.63
13314,861699.03
13315,2095062.23
13316,1208510.74
13317,2108461.87
13318,2253962.26
13319,949786.39
13320,298790.83
13321,3727.18
13322,579648.44
13323,1191838.19
13324,163844.68
13325,811441.03
13326,958265.17
13327,375513.61
13328,1025410.16
13329,2417454.25
13330,651225.05
13331,2377329.65
13332,1145868.56
13333,999933.43
13334,1067356.04
13335,1117643.15
13336,1049491.28
13337,1184548.83
13338,1325566.6
13339,998246.89
13340,406300.9
13341,1093940.69
13342,797838.97
13343,1969384.77
13344,774538.56
13345,990070.04
13346,177932.07
13347,951851.32
13348,1321837.26
13349,1308389.5
13350,326782.56
13351,2262114.92
13352,59416.23
13353,1744644.94
13354,418717.33
13355,1450238.17
13356,1532470.76
13357,1600267.29
13358,520096.06
13359,718008.6
13360,1133140.03
13361,2396332.18
13362,2977505.52
13363,1220627.52
13364,702215.04
13365,1126195.56
13366,993282.05
13367,1673647.55
13368,1010305.65
13369,1940285.72
13370,1354184.7
13371,929381.9
13372,1179924.45
13373,968725.17
13374,838498.26
13375,1074009.23
13376,788569.64
13377,681604.73
13378,1099190.18
13379,1958142.95
13380,719509.98
13381,509538.4
13382,684132.48
13383,151696.65
13384,1786402.39
13385,463843.76
13386,617258.15
13387,35002.04
13388,2085667.81
13389,1319653.38
13390,1121421.94
13391,245998.94
13392,606884.04
13393,1748936.99
13394,1462172.12
13395,201037.2
13396,883347.2
13397,1694051.16
13398,1407653.69
13399,1833777.02
13400,1393535.18
13401,1291486.77
13402,722082.46
13403,130675.8
13404,1179459.05
13405,1419391.4
13406,38183.36
13407,1311542.83
13408,1176803.44
13409,2671248.07
13410,1258696.01
13411,1428835.44
13412,453658.1
13413,562950.47
13414,742791.05
13415,560503.45
13416,914015.08
13417,658366.34
13418,938772.63
13419,918301.56
13420,1198089.98
13421,564124.81
13422,444385.28
13423,1933754.41
13424,1185494.67
13425,551826.93
13426,1099190.18
13427,2288461.04
13428,2446403.34
13429,1541363.66
13430,1223013.95
13431,221597.26
13432,1004174.15
13433,306348.75
13434,869963.67
13435,523594.64
13436,616368.48
13437,190855.78
13438,895661.89
13439,2022576.14
13440,1002543.05
13441,966173.73
13442,1102263.59
13443,978443.75
13444,687761.51
13445,1226649.56
13446,734058.72
13447,1908194.67
13448,355494.44
13449,958282.33
13450,975573.78
13451,253994.73
13452,1577169.84
13453,2061502.52
13454,2149231.8
13455,991559.11
13456,2406054.5
13457,1228264.17
13458,32065.49
13459,1196946.92
13460,1359542.26
13461,951043.96
13462,818318.78
13463,1023975.97
13464,511395.29
13465,393453.68
13466,494922.41
13467,566553.53
13468,345848.07
13469,667410.15
13470,1099190.18
13471,2286508.52
13472,521026.44
13473,1726835.11
13474,196979.81
13475,950817.46
13476,1591125.89
13477,949219.88
13478,1428513.6
13479,1219492.65
13480,1143828.11
13481,688540.28
13482,677744.18
13483,2092616.36
13484,1719957.86
13485,684292.86
13486,1635267.74
13487,1947640.16
13488,1186765.92
13489,718118.97
13490,821644.94
13491,429441.96
13492,1099190.18
13493,706819.74
13494,3230005.57
13495,1056114.92
13496,1195109.84
13497,780490.32
13498,1005924.81
13499,874438.53
13500,1015710.62
13501,26677.27
13502,67641.15
13503,977307.34
13504,1282783.4
13505,781122.9
13506,1748337.49
13507,2388127.09
13508,1446501.14
13509,485720.35
13510,1005105.65
13511,953202.9
13512,818448.08
13513,1001409.69
13514,1963724.64
13515,2395734.5
13516,2057847.04
13517,34201.36
13518,1130608.79
13519,2184632.02
13520,1358406.76
13521,1004035.84
13522,1099190.18
13523,224724.48
13524,1944259
13525,1099190.18
13526,1025960.93
13527,1099190.18
13528,785169.05
13529,1836875.54
13530,472768.38
13531,1402223
13532,817817.87
13533,1099190.18
13534,776048.56
13535,1099190.18
13536,37824.96
13537,1229905.66
13538,1224753.43
13539,418814.91
13540,1505938.34
13541,936397.36
13542,281614.35
13543,882396.88
13544,1793094.25
13545,1720863.54
13546,957505.53
13547,622030.81
13548,1099190.18
13549,2147465.25
13550,922195.47
13551,413474.69
13552,2222616.94
13553,1176122.1
13554,1071831.4
13555,704931.04
13556,759847.65
13557,434586.55
13558,1684100.45
13559,449857.45
13560,2036210.43
13561,657851.11
13562,301462.39
13563,1543102.69
13564,1099190.18
13565,1297251.51
13566,892229.86
13567,972789.81
13568,622396.99
13569,856355.86
13570,1073748.92
13571,1795772.56
13572,1099190.18
13573,1369268.04
13574,137713.58
13575,1321010.39
13576,715221.37
13577,873020.52
13578,188239.98
13579,726270.26
13580,268882.56
13581,92453.61
13582,569598.9
13583,921683.08
13584,268398.75
13585,1235137
13586,474726.8
13587,1038618.73
13588,1458403.58
13589,1100345.52
13590,1000848.47
13591,965098.57
13592,1015495.21
13593,957052.5
13594,1519265.62
13595,1069603.97
13596,968634.08
13597,931636.69
13598,616126.59
13599,755082.27
13600,210473.47
13601,240503.55
13602,991954.51
13603,1099190.18
13604,1236088.26
13605,943284.81
13606,1212474.92
13607,1087101.12
13608,1467551.27
13609,1849364.55
13610,1029867.32
13611,1052379.85
13612,884533.97
13613,648732.18
13614,2075184.28
13615,2042651.75
13616,2104342.3
13617,1164491.62
13618,723556.16
13619,494793.18
13620,423816.33
13621,2175058.31
13622,962723.43
13623,1792063.41
13624,739657.05
13625,1069181.11
13626,1189383.92
13627,639418.3
13628,3440384.38
13629,2042854.63
13630,959723.99
13631,1489242.12
13632,625727.14
13633,2163980.71
13634,1082942.93
13635,125785.53
13636,2435854.1
13637,753265.16
13638,2263287.74
13639,1847198.42
13640,433108.26
13641,1099190.18
13642,140271.57
13643,491718.77
13644,2051268.03
13645,1309729.23
13646,2378740.1
13647,869417.5
13648,792728.15
13649,631029
13650,589287.85
13651,145542.16
13652,1274602.22
13653,1971680.72
13654,2345165.64
13655,1681089.26
13656,1271116.77
13657,844722.28
13658,203405.36
13659,1795609.97
13660,131952.02
13661,154791.9
13662,1593366.11
13663,970242.84
13664,1099190.18
13665,1492439.96
13666,882980.99
13667,1028644.16
13668,988327.09
13669,80859.75
13670,1586694.4
13671,1017373.45
13672,1481780.28
13673,1600967.74
13674,2142670.47
13675,1566936
13676,2304714.6
13677,9381.8
13678,1099190.18
13679,1353093.22
13680,2119204.01
13681,330916.78
13682,802487.52
13683,625520.44
13684,359951.87
13685,1249217.91
13686,1666221.48
13687,1099190.18
13688,2247021.21
13689,1334000.64
13690,512749.98
13691,215698.91
13692,1247441.19
13693,1277086.51
13694,2152637.51
13695,439582.88
13696,1058113.14
13697,868295.09
13698,2077843.47
13699,1520867.89
13700,865099.19
13701,954112.88
13702,1838818.48
13703,630528.19
13704,85279.55
13705,1099190.18
13706,672307.92
13707,1811326.87
13708,439589.48
13709,2569861.6
13710,1882202.78
13711,437659.61
13712,2179200.48
13713,2016293.68
13714,965238.27
13715,218994.71
13716,67093.33
13717,2038564.63
13718,665416.68
13719,507812.29
13720,1101296.4
13721,854416.6
13722,1579464.02
13723,873795.31
13724,749468.03
13725,696777.03
13726,2373994.55
13727,290864.77
13728,354033.96
13729,544733.47
13730,1312418.33
13731,635765.72
13732,526356.24
13733,2972694.78
13734,1099190.18
13735,1478961.32
13736,2125210.57
13737,1217844.39
13738,1099190.18
13739,43039.39
13740,306544.8
13741,2686534.61
13742,1502006.62
13743,1917449.93
13744,900307.67
13745,1820298.18
13746,1162638.33
13747,286302.1
13748,1337654.06
13749,1500476.05
13750,540265.87
13751,236090.42
13752,730280.71
13753,173496.21
13754,896922.59
13755,926897.02
13756,230395.37
13757,799028.84
13758,1561086.45
13759,321123.14
13760,668648.02
13761,859784.98
13762,1120571.28
13763,621923.62
13764,632592
13765,2086618.62
13766,410545.49
13767,562511.94
13768,1098180.38
13769,1121860.53
13770,1444260.88
13771,261569.25
13772,1010487.04
13773,1165015.74
13774,1099190.18
13775,298215.7
13776,2343876.52
13777,212586.89
13778,1779551.41
13779,1589435.92
13780,655869.97
13781,2160829.03
13782,2083174.78
13783,957667.36
13784,1249615.87
13785,469854.91
13786,781826.98
13787,873305.01
13788,580644.88
13789,2331661.97
13790,3027768.85
13791,1228334.66
13792,771634.19
13793,1630149.85
13794,1344400.68
13795,96870.98
13796,1160494.9
13797,163422.2
13798,756729.35
13799,1515248.39
13800,1175889.71
13801,1740919.4
13802,1501317.73
13803,958868.44
13804,163234.32
13805,570849.11
13806,1298629.16
13807,745506.58
13808,1099190.18
13809,940880.23
13810,1102782.67
13811,918251.99
13812,46406.34
13813,2101762.8
13814,1391521.03
13815,1567264.01
13816,1232243.32
13817,1061084.46
13818,472289.68
13819,1687720.71
13820,1776083.95
13821,305019.86
13822,1026330.5
13823,1242691.25
13824,208364.78
13825,674377.62
13826,176503.43
13827,132809.61
13828,865341.32
13829,542857.22
13830,1686022.35
13831,1099190.18
13832,381060.29
13833,735682.11
13834,880434.76
13835,1249433.24
13836,2087820.52
13837,2280508.36
13838,793042.69
13839,935730.8
13840,131209.83
13841,1015849.77
13842,1099190.18
13843,576942.88
13844,1099190.18
13845,2784918.64
13846,2409397.21
13847,1587482.4
13848,727740.52
13849,697236.97
13850,843649.52
13851,1099190.18
13852,1338669.62
13853,623492.65
13854,2512440.05
13855,1255165.45
13856,2049972.96
13857,1529597.4
13858,292020.48
13859,1422820.27
13860,11633.91
13861,1294844.81
13862,1813117.34
13863,2487714.6
13864,893446.3
13865,911171.74
13866,1311228.52
13867,644237.48
13868,938087.85
13869,829360.06
13870,2151539.84
13871,639735.19
13872,963039.94
13873,218943.51
13874,588261.41
13875,1053727.35
13876,379022.82
13877,694105.1
13878,1278986.12
13879,691682.85
13880,556880.03
13881,1313607.41
13882,933385.92
13883,56233.53
13884,2295122.79
13885,1359983.58
13886,2148036.51
13887,382972.03
13888,881336.55
13889,309452.89
13890,2121511.55
13891,264848.41
13892,885508
13893,1339689.06
13894,955505.46
13895,518077.94
13896,2232741.17
13897,1955926.76
13898,2477183.2
13899,965289.69
13900,285713.73
13901,1413214.29
13902,585128.31
13903,842612.29
13904,769080.17
13905,576052.18
13906,1796225.51
13907,2011439.52
13908,585162.19
13909,693784.64
13910,1194259.51
13911,471220.04
13912,349612.29
13913,28702.82
13914,819277
13915,495369.03
13916,1211320.89
13917,1096123.39
13918,21621.56
13919,254126.74
13920,1667464.36
13921,547811.15
13922,1094245.05
13923,313322.62
13924,709826.39
13925,1028626.25
13926,2383463.17
13927,525341.58
13928,954800.72
13929,396927.2
13930,2386850.5
13931,1750575.26
13932,180792.15
13933,2309838.1
13934,1099190.18
13935,1253299.56
13936,404027.61
13937,1260861.45
13938,1170005.66
13939,1218179.18
13940,1088688.68
13941,309921.89
13942,166868.33
13943,236214.46
13944,1191321.66
13945,184052.13
13946,1156547.85
13947,563229.49
13948,1892402.59
13949,1224244.74
13950,2551185.98
13951,1124200.82
13952,156544.16
13953,1586905.92
13954,965755.52
13955,1025242.77
13956,378168.55
13957,1099190.18
13958,1099190.18
13959,2220714.01
13960,745312.89
13961,191054.44
13962,806661.89
13963,1131816.94
13964,1188824.61
13965,648408.77
13966,1099190.18
13967,408246.17
13968,2654407.05
13969,1863731.62
13970,1099190.18
13971,2320492.97
13972,3050991.24
13973,371919.31
13974,95650.78
13975,8572.21
13976,1977320.24
13977,1104446.39
13978,2213007.64
13979,925386.79
13980,1158257.96
13981,511958.75
13982,2126214.39
13983,746603.02
13984,750629.89
13985,1879114.29
13986,420867.94
13987,479881.02
13988,1582426.99
13989,334475.02
13990,1221132.85
13991,1535642.85
13992,955107.37
13993,1566044.97
13994,794772.7
13995,585970.32
13996,1843058.13
13997,2077918.74
13998,61795.09
13999,1777849.21
14000,639795.41
14001,1024126.68
14002,2011929.09
14003,2065447.79
14004,1031016.55
14005,537161.85
14006,910859.86
14007,2213070.24
14008,1027167.65
14009,635811.68
14010,2169353.81
14011,595879.48
14012,336502.87
14013,932764.95
14014,1061104.22
14015,1050261.76
14016,1939974
14017,447276.92
14018,3137189.73
14019,1293816.55
14020,1013842.07
14021,2266520.68
14022,681251.23
14023,1317854.5
14024,1438090.47
14025,584464.13
14026,1377113.79
14027,1580035.38
14028,2132828.22
14029,2480526.2
14030,2496188.43
14031,1701311.21
14032,340823.41
14033,971437.77
14034,145651.48
14035,1233290.95
14036,967204.35
14037,2201587.08
14038,599348.55
14039,489960.46
14040,863568.2
14041,1017406.98
14042,2340629.61
14043,1006100.03
14044,1099190.18
14045,2866129.4
14046,784654.72
14047,1375950.26
14048,1099190.18
14049,1186882.61
14050,1137824.5
14051,622609.46
14052,867475.55
14053,867669.13
14054,2532875.06
14055,361713.22
14056,1166058.58
14057,730992.4
14058,1063681.52
14059,1224509.75
14060,983090.13
14061,1539461.08
14062,764027.07
14063,2311524.67
14064,937224.98
14065,2513143.72
14066,1799853.76
14067,1089146.11
14068,1162620.99
14069,1334522.14
14070,934027.44
14071,290814.72
14072,733637.98
14073,493654.13
14074,2118653.62
14075,774286.66
14076,1071802.87
14077,1099190.18
14078,1968242.08
14079,2271985.93
14080,1020231.5
14081,356655.97
14082,349337
14083,1872954.43
14084,1208544.23
14085,1982157.89
14086,910830.02
14087,2638474.76
14088,1782852.05
14089,97398.6
14090,1086301.1
14091,457404.67
14092,1600789.54
14093,1235553.79
14094,2413072.23
14095,1191134.74
14096,2417396.56
14097,839501.86
14098,927628.11
14099,839367.52
14100,2178777.68
14101,1273591.43
14102,2971603.39
14103,1243488.39
14104,923970.78
14105,1019654.21
14106,1183620.3
14107,1020686.21
14108,2326938.5
14109,979747.69
14110,1325484.26
14111,2762938.25
14112,1029211.36
14113,1358342.14
14114,877301.2
14115,1275528.48
14116,1335266.65
14117,851474.33
14118,870749.77
14119,1015635.16
14120,957954.48
14121,466080.16
14122,316439.42
14123,1211065.78
14124,1607627.06
14125,860480.6
14126,209889.99
14127,388881.42
14128,2542187.4
14129,699253.07
14130,1639540.02
14131,1558457.1
14132,418388.6
14133,737458.18
14134,782912.68
14135,910205.81
14136,938468.09
14137,421523.61
14138,786312.99
14139,2083347.81
14140,1173097.63
14141,1877629.22
14142,1716827.18
14143,2082014.74
14144,2197232.72
14145,2525213.87
14146,909002.08
14147,934368.29
14148,1308084.53
14149,3031272.92
14150,24146.03
14151,271498.1
14152,967422.06
14153,1302208.45
14154,1139630.68
14155,1847037.61
14156,920597.79
14157,585684.57
14158,1412518.54
14159,761640.4
14160,597604.02
14161,278362.04
14162,1176024.67
14163,1449730.01
14164,650484.7
14165,822841.55
14166,1006983.37
14167,1497691.45
14168,969499.52
14169,2633330.72
14170,1099190.18
14171,1587033.7
14172,1094361.76
14173,1020432.46
14174,470829.88
14175,810940.94
14176,675824.4
14177,1130132.21
14178,1617885.93
14179,1304584.8
14180,621039.23
14181,1597833.58
14182,2292704.66
14183,2322586.34
14184,1370681.15
14185,182051.72
14186,497867.73
14187,574032.11
14188,2586488.82
14189,1663522.62
14190,2079740.47
14191,1429304.74
14192,1099190.18
14193,995962.02
14194,1010507.98
14195,2195892.33
14196,575614.4
14197,1230014.05
14198,2038412.52
14199,849854.82
14200,2505121.77
14201,1367345.15
14202,1776193.3
14203,2520881.25
14204,1099190.18
14205,897657.29
14206,809487.05
14207,968234.11
14208,893351.41
14209,1974104.8
14210,172824.06
14211,406894.41
14212,422157.84
14213,745725.44
14214,6451.13
14215,1357016.7
14216,482678.74
14217,86223.29
14218,142294.63
14219,963837.64
14220,1815837.55
14221,920046.24
14222,1267242.64
14223,2184038.73
14224,482777.77
14225,1319384.06
14226,1138006.57
14227,2021128.25
14228,360499.2
14229,1673235.56
14230,1099190.18
14231,1099190.18
14232,1242613.3
14233,769365.42
14234,819519.78
14235,1099190.18
14236,583486.73
14237,1359989.61
14238,919501.31
14239,1713308.17
14240,818696.11
14241,529510.77
14242,443775.09
14243,951907.92
14244,414787.78
14245,1610108.71
14246,1209389.93
14247,1541120.47
14248,1416292.36
14249,1216310.09
14250,756283.42
14251,275140.12
14252,399421.14
14253,969747.44
14254,375060.17
14255,944086.13
14256,1466033.64
14257,873903.63
14258,1281565.24
14259,1239880.23
14260,1099190.18
14261,1534594.06
14262,1262580.46
14263,1410065.48
14264,1056816.02
14265,789887.18
14266,1370118.7
14267,925810.93
14268,668155
14269,1174421.46
14270,2106882.38
14271,2082583.28
14272,1973948.95
14273,1980545.74
14274,996987.51
14275,1099190.18
14276,2295924.08
14277,558036.52
14278,1281624.79
14279,1139275.98
14280,1308525.97
14281,3205567.85
14282,1413811.06
14283,2296643.22
14284,1099190.18
14285,1427738.05
14286,1150988.67
14287,679709.45
14288,2466723.28
14289,1446589.3
14290,1582815.49
14291,2408858.81
14292,1252019.83
14293,1192413.91
14294,1093972.42
14295,911806.98
14296,1095227.08
14297,1748722.85
14298,809694.43
14299,1183391.4
14300,715751.07
14301,632303.89
14302,1022125.59
14303,2125061.47
14304,2138142.46
14305,1348752.97
14306,1099190.18
14307,1808939.48
14308,2513306.38
14309,859424.94
14310,1565505.19
14311,1196868.04
14312,1010377.18
14313,1099190.18
14314,2672664.67
14315,1351022.6
14316,971182.63
14317,600801.03
14318,872489.32
14319,2202519.09
14320,1584107.43
14321,1105635.39
14322,1191306.81
14323,856361.29
14324,252867.5
14325,1623448.84
14326,1711309.64
14327,757007.56
14328,184098.58
14329,302749.47
14330,1234888.72
14331,1738627.55
14332,1099190.18
14333,1701972.37
14334,1538489.45
14335,1207050.33
14336,730416.72
14337,1099190.18
14338,70972.44
14339,212283.36
14340,570790.97
14341,1099190.18
14342,670907.68
14343,865233.71
14344,1124947.5
14345,498975.77
14346,124625.13
14347,696310.26
14348,586861.26
14349,1057002.96
14350,230.5
14351,1967108.15
14352,565754.59
14353,781157.94
14354,563948.57
14355,1025551.27
14356,1255759.23
14357,1342119.43
14358,381820.18
14359,1255799.18
14360,1682822.98
14361,1378231.61
14362,638917.84
14363,1669769.38
14364,1959821.11
14365,594683.07
14366,62023.46
14367,978976.9
14368,3133925.54
14369,712434.97
14370,1410117.2
14371,1221692.79
14372,6172.72
14373,151723.6
14374,395494.5
14375,1629677.85
14376,574123.89
14377,2334355.25
14378,297402.17
14379,449755.21
14380,782848.62
14381,914904.44
14382,1099190.18
14383,1793921.97
14384,444573.73
14385,370241.82
14386,1880718.33
14387,777932.33
14388,1973007
14389,3022176.76
14390,1674781.21
14391,1336569.43
14392,427544.45
14393,1860416.77
14394,581679.35
14395,2639042.36
14396,2363135.75
14397,1144176.92
14398,500335.63
14399,401535.94
14400,293167.24
14401,1071262.46
14402,1761622.57
14403,1099190.18
14404,2285256.32
14405,945885.52
14406,930038.13
14407,733090.91
14408,117995.85
14409,1108185.29
14410,537144.94
14411,1457507.6
14412,1268009.74
14413,1998266.3
14414,1199536.55
14415,1099190.18
14416,877791.21
14417,872459.41
14418,951205.46
14419,1086077.66
14420,1099190.18
14421,1063252.38
14422,337959.33
14423,389374.19
14424,1433783.13
14425,1021391.26
14426,1383721.88
14427,1466046.13
14428,1054263.93
14429,1170633.04
14430,1861832.5
14431,1099190.18
14432,1397651.52
14433,1352706
14434,1397746.75
14435,122206.22
14436,1175706.33
14437,1290052.25
14438,2586177.15
14439,652514.32
14440,2406137.17
14441,2033919.91
14442,2289689.04
14443,1562058.62
14444,2810882.16
14445,686259.01
14446,86767.34
14447,303834.84
14448,701674.43
14449,1011840.15
14450,1241972.23
14451,1287067.67
14452,2528705
14453,772359.92
14454,118305.07
14455,335153.44
14456,985382.4
14457,941455.01
14458,538820.73
14459,394418.58
14460,650513.74
14461,765649.3
14462,1464791.06
14463,1131325.75
14464,548624.86
14465,2938619.33
14466,39171.9
14467,1248481.67
14468,937297.13
14469,2300451.72
14470,788043.76
14471,2452243.71
14472,1189876.76
14473,556279.42
14474,732790.64
14475,1329281.35
14476,569046.29
14477,1347254.82
14478,865115.42
14479,431155.59
14480,450045.19
14481,1392911.42
14482,887587.87
14483,338784.07
14484,2079997.48
14485,441544.51
14486,401510.61
14487,1190747.47
14488,1225807.05
14489,99030.56
14490,1099190.18
14491,1015758.73
14492,401013.01
14493,1491198.87
14494,2281542.4
14495,150506.67
14496,1321.89
14497,658219.01
14498,927823.23
14499,312298.9
14500,1579892.3
14501,1788280.12
14502,695544.4
14503,1060533.47
14504,205659.34
14505,791900.33
14506,1250498.91
14507,277448.14
14508,697499.11
14509,2082510.44
14510,1198536.78
14511,1968562.74
14512,2110880.18
14513,2111211.39
14514,889532.21
14515,916881.83
14516,1335408.1
14517,1192075.31
14518,689160.42
14519,1099190.18
14520,160079.74
14521,785087.94
14522,1071600.5
14523,756169.48
14524,889608.17
14525,1024134.66
14526,2127020.55
14527,844604.63
14528,593649.47
14529,8150.64
14530,1751971.3
14531,966658.69
14532,959319.78
14533,388228.4
14534,605428.22
14535,1325979.94
14536,1615620.34
14537,483873.7
14538,1008649.95
14539,407005.88
14540,760418.41
14541,1362544.73
14542,1140328.34
14543,528537.72
14544,149879.13
14545,950301.6
14546,920934.97
14547,1640502.23
14548,753878.35
14549,959069.55
14550,2118468.08
14551,121298.04
14552,850975.61
14553,572710.99
14554,2329973.59
14555,1864085.39
14556,2298385.27
14557,873731.82
14558,1196841.97
14559,938044.08
14560,76338.45
14561,737547.88
14562,747368.44
14563,713366.49
14564,844417.37
14565,623887.89
14566,513035.87
14567,2060796.47
14568,1791506.26
14569,351609.5
14570,1003328.57
14571,655761.62
14572,1023168.2
14573,1188580.99
14574,1246137.93
14575,1232715.56
14576,1595272.34
14577,1328876.64
14578,994457.67
14579,905686.36
14580,1617967.62
14581,855998.42
14582,519737.42
14583,1936281.36
14584,198436.72
14585,1099190.18
14586,27274.56
14587,1245327.3
14588,1665956.41
14589,705399.45
14590,957476.77
14591,1367295.89
14592,749454.99
14593,962379.35
14594,2298338.89
14595,979946.5
14596,386553.32
14597,714124.64
14598,166991.36
14599,1198410.4
14600,1130760.76
14601,2112555.2
14602,664042.19
14603,993343.52
14604,1803516.69
14605,28975.56
14606,470111.09
14607,1482401.83
14608,628035.83
14609,1078576.94
14610,819241.25
14611,966876.7
14612,1099190.18
14613,1102224.61
14614,715525
14615,1293355.46
14616,672044.74
14617,464725.92
14618,1350927.57
14619,620461.64
14620,900597.77
14621,559322.72
14622,1506937.5
14623,1017293.49
14624,2194793.08
14625,969025.96
14626,1505167.89
14627,650017.09
14628,475275.54
14629,2858446.77
14630,400307.42
14631,1627081.05
14632,859339.9
14633,1397930.8
14634,353426.09
14635,392953.96
14636,301800.68
14637,974574.21
14638,316316.9
14639,2122793.51
14640,1072981.65
14641,1099190.18
14642,748520.03
14643,1099190.18
14644,1962281.55
14645,372427.74
14646,544206.21
14647,1320709.52
14648,1099190.18
14649,1226655.76
14650,1395386.61
14651,770489.44
14652,105345.6
14653,1735623.23
14654,1738525.18
14655,14622.03
14656,1299530.63
14657,1107941.22
14658,990817.48
14659,143774.86
14660,720233.52
14661,3140919.4
14662,326059.88
14663,63394.79
14664,2287312.92
14665,68182.72
14666,581951.68
14667,604630.53
14668,1150713.55
14669,1098998.57
14670,1748182.57
14671,1099190.18
14672,1719610.99
14673,2123650.8
14674,2373259.82
14675,794667.98
14676,2178278.61
14677,1826790.4
14678,822365.25
14679,805151.58
14680,1323485.92
14681,707188.52
14682,942343.86
14683,1751979.58
14684,2307823.65
14685,1335985.97
14686,1303948.15
14687,1990569.69
14688,866316.56
14689,2329652.61
14690,189461.59
14691,290929.66
14692,216479.66
14693,864875.4
14694,721920.88
14695,262413.02
14696,565230.4
14697,852373.62
14698,841741.77
14699,1488743.16
14700,2318243.39
14701,622772.58
14702,1133035.56
14703,1091820.57
14704,1099190.18
14705,1201308.91
14706,1965625.5
14707,967258.16
14708,599459.85
14709,1810683.61
14710,598896
14711,3128114.73
14712,365056.71
14713,2098657.62
14714,1068727.55
14715,130244.84
14716,306056.06
14717,1101886.75
14718,2089949.5
14719,1121654.54
14720,1814649.19
14721,870947.91
14722,2365234.76
14723,1727208.04
14724,2667338.43
14725,1114594.21
14726,1226010.97
14727,1049085.42
14728,592674.86
14729,1101595.03
14730,1199630.61
14731,2048452.38
14732,1099487.81
14733,1000239.97
14734,1201876.44
14735,1576051.27
14736,654733.25
14737,2219904.86
14738,1632517.26
14739,1879217.38
14740,549657.34
14741,2058666.78
14742,1140675.5
14743,996062.79
14744,301252.15
14745,666137.04
14746,392327.37
14747,1286380.21
14748,837029.73
14749,618265.33
14750,829345.46
14751,24350.44
14752,345901.94
14753,2005718.24
14754,1099190.18
14755,2040134.85
14756,1567920.5
14757,170280.33
14758,324018.87
14759,2846055.8
14760,1089997.07
14761,1879374.02
14762,165039.42
14763,2181444.08
14764,1515388.64
14765,810050.6
14766,650152.02
14767,641059.85
14768,823230.87
14769,851533.33
14770,591749.92
14771,1010988.94
14772,170190.15
14773,566339.18
14774,621374.47
14775,1099190.18
14776,491737.54
14777,482964.98
14778,1420668.7
14779,1627229.99
14780,2045768.81
14781,854979.38
14782,645909.28
14783,2313579.38
14784,1091076.89
14785,327592.67
14786,395606.9
14787,472393.03
14788,1099190.18
14789,1026360.13
14790,2241693.64
14791,161868.98
14792,1995653.63
14793,2425511.61
14794,1904897.85
14795,957282.92
14796,1211914.79
14797,686397.83
14798,468610.01
14799,1602354.7
14800,664942.85
14801,799704.61
14802,602535.8
14803,1492203.27
14804,497789.42
14805,16504.6
14806,950902.27
14807,1204214.31
14808,1514086.97
14809,778320.34
14810,1393269.81
14811,217622.97
14812,1025499.83
14813,2688629.09
14814,2595203.66
14815,1099190.18
14816,797506.76
14817,1333476.17
14818,2591992.2
14819,1699769.17
14820,2395008.99
14821,1393972.78
14822,804420.48
14823,420493.89
14824,109619.08
14825,521803.84
14826,906624.01
14827,3125584.66
14828,1577171.56
14829,967725.34
14830,811964.62
14831,1040451.51
14832,984872.73
14833,895287.87
14834,512355.27
14835,377252.99
14836,1024718.34
14837,1535361.87
14838,1028067.03
14839,1282251.81
14840,1401410.55
14841,557659.52
14842,1099190.18
14843,947918.42
14844,777127.5
14845,1783258.44
14846,1582365.02
14847,1261067.81
14848,2598816.57
14849,550156.82
14850,1737140.07
14851,915230.41
14852,2052234.87
14853,1122439.29
14854,1204233.59
14855,1369259.32
14856,320412.3
14857,996168.32
14858,982645.93
14859,658464.93
14860,716763.74
14861,2015283.48
14862,464090.34
14863,1185827.63
14864,613711.78
14865,653489.3
14866,909615.85
14867,1309631.95
14868,1307433.95
14869,948578.42
14870,673007.04
14871,273085.98
14872,2110060.81
14873,1070618.96
14874,11782.34
14875,161057.24
14876,1017808.04
14877,459915.83
14878,1099190.18
14879,976021.75
14880,468422.94
14881,1653472.62
14882,877628.62
14883,94587.49
14884,190524.34
14885,29740.06
14886,823088.5
14887,2954651.53
14888,821235.81
14889,1414633.16
14890,850831.11
14891,1611932.24
14892,1229131.94
14893,210325.92
14894,655156.71
14895,512060.83
14896,862054.26
14897,1227230.02
14898,632146.37
14899,1007911.82
14900,769031.33
14901,48405.64
14902,359690.98
14903,1090436.43
14904,868694.1
14905,277018.41
14906,1015994.05
14907,538067.23
14908,595171.98
14909,1773936.96
14910,1542124.41
14911,813067.37
14912,1716118.4
14913,990876.94
14914,1343761.19
14915,1542482.34
14916,664045.57
14917,540691.5
14918,764693.65
14919,877793.06
14920,377160.71
14921,507034.19
14922,1529222.53
14923,817990
14924,2687504.22
14925,1833248.96
14926,725535.88
14927,2428389.22
14928,478669.31
14929,1099190.18
14930,2561452.26
14931,828931.16
14932,1396411.07
14933,822564.96
14934,1969648.76
14935,160201.57
14936,771758.79
14937,974022.27
14938,1492296.66
14939,1968274.56
14940,1018884.33
14941,1609491.64
14942,1334007.48
14943,1054637.61
14944,473633.17
14945,1857981.77
14946,692808.07
14947,294572.61
14948,644646.18
14949,735948.43
14950,506700.93
14951,1053124.07
14952,1099190.18
14953,2303536.97
14954,223837.1
14955,950234.26
14956,466456.53
14957,922748.73
14958,786721.52
14959,2091186.7
14960,1412126.31
14961,1350445.17
14962,1234974.31
14963,554772.91
14964,1778909.95
14965,1331534.55
14966,2780102.46
14967,246933.65
14968,1590238.53
14969,48280.15
14970,296137.13
14971,1067831.8
14972,14007.85
14973,1318695.82
14974,985926.66
14975,1460351.59
14976,565512.23
14977,2094378.42
14978,1436357
14979,2222852.34
14980,1131733.65
14981,2486640.18
14982,1724146.7
14983,1977277.5
14984,2178688.45
14985,971764.42
14986,426117.17
14987,495651.99
14988,319639.85
14989,2448695.49
14990,1967210.27
14991,285646.54
14992,1078933.14
14993,2213102.74
14994,928990.31
14995,903988.72
14996,1533884.46
14997,1190447.77
14998,182280.53
14999,1423695.81
15000,1099190.18
15001,1676174.81
15002,31974.18
15003,975434.44
15004,763765.54
15005,975650.82
15006,2080696.76
15007,880836.19
15008,472913.21
15009,772615.66
15010,324173.82
15011,1186415.52
15012,2002333.35
15013,445927.43
15014,612341.21
15015,361778.77
15016,964733
15017,255512.82
15018,1004172.75
15019,2312451.45
15020,2204253.04
15021,1281031.1
15022,1099190.18
15023,657100.66
15024,1089786.85
15025,1453451.82
15026,570031.82
15027,231305.3
15028,1512846.13
15029,186254.78
15030,1099190.18
15031,2094257.1
15032,1171235.1
15033,385857.97
15034,1080211.21
15035,984762.74
15036,2217591.1
15037,2119816.32
15038,947066.04
15039,43569.53
15040,764019.28
15041,1021167.67
15042,919569.4
15043,662398.84
15044,1010528.59
15045,904424.14
15046,2393052.28
15047,51051.89
15048,1099190.18
15049,487979.45
15050,1326340.9
15051,827244.68
15052,38170.68
15053,213857.48
15054,1366553.72
15055,825456.79
15056,825970.82
15057,1099190.18
15058,1168309.21
15059,692753.06
15060,814988.95
15061,101528.78
15062,443282.42
15063,810042.81
15064,1099190.18
15065,325465.96
15066,1190075.2
15067,2925278.77
15068,846741
15069,1801138.54
15070,1099190.18
15071,2663111.65
15072,1383195.09
15073,1975602.53
15074,302183.45
15075,1396760.48
15076,2480894.1
15077,1209859.05
15078,2210111.12
15079,2389858.69
15080,1099190.18
15081,843057.46
15082,2587732.84
15083,1956494.7
15084,1336493.95
15085,1519875.7
15086,3877916.73
15087,211173.18
15088,1742602.38
15089,1162643.52
15090,1248173.77
15091,344801.5
15092,1099190.18
15093,851641.11
15094,2062474.84
15095,516008.58
15096,1296267.44
15097,1121362.45
15098,645690.48
15099,982803.97
15100,640295.22
15101,473128.7
15102,681870.89
15103,928772.36
15104,1374131.04
15105,2944489.71
15106,106931
15107,601919.03
15108,1285911.21
15109,1602014.08
15110,743665.14
15111,732896.89
15112,747113.31
15113,1397082.01
15114,640324.89
15115,830683.66
15116,1043884.99
15117,905273.51
15118,1040768.2
15119,1124314.38
15120,375134.2
15121,2290046.99
15122,1089362.21
15123,258000.97
15124,688475.8
15125,921410.62
15126,1357405.73
15127,947063.14
15128,721460.02
15129,932597.97
15130,1099190.18
15131,950772.83
15132,1045732.17
15133,1162077.01
15134,1152925.38
15135,615420.59
15136,929150.67
15137,858945.32
15138,1737310.83
15139,814427.05
15140,868068.13
15141,1099190.18
15142,850784.98
15143,1099190.18
15144,137306.9
15145,978368.61
15146,799609.17
15147,1171413.16
15148,524380.49
15149,1602731.76
15150,1062236.06
15151,106069.79
15152,126920.73
15153,1959667.06
15154,464535
15155,787265.08
15156,918271.27
15157,254274.22
15158,2079811.05
15159,1013674.93
15160,1136073.63
15161,1215487.1
15162,2275695.11
15163,2568125.48
15164,553865.71
15165,2187643.28
15166,1099190.18
15167,195029.08
15168,1271129.12
15169,158808.25
15170,1569875.73
15171,974179.96
15172,652726.55
15173,1099190.18
15174,409030.77
15175,161509.55
15176,609925.01
15177,934391.3
15178,870901.31
15179,1240887.82
15180,1427103.22
15181,1137349.49
15182,227513.07
15183,970028.11
15184,1003093.94
15185,1769503.12
15186,101961.26
15187,1099190.18
15188,1396961.54
15189,128490.84
15190,991868.03
15191,1946146.25
15192,1768428.99
15193,407369.72
15194,2209655.86
15195,841659.39
15196,645663.33
15197,726980.67
15198,1515377.58
15199,582140.75
15200,1343559.31
15201,904405.4
15202,1593750.51
15203,363617.68
15204,588769.1
15205,196955.22
15206,1099190.18
15207,1099190.18
15208,793590.27
15209,1844876.68
15210,1383509.94
15211,150037.91
15212,1722639.64
15213,1892801.05
15214,3093683.01
15215,975124.69
15216,607451.69
15217,1198154.73
15218,1600992.15
15219,1268677.15
15220,446172.92
15221,908003.37
15222,505318.32
15223,976898.03
15224,1179428.12
15225,859129.65
15226,2114313.78
15227,1319342.45
15228,1009120.4
15229,492935.51
15230,597697.01
15231,2927739.07
15232,749560.64
15233,787928.25
15234,874326.1
15235,1123706.92
15236,1365265.03
15237,774741.36
15238,1109934.51
15239,115241.95
15240,1099190.18
15241,1099190.18
15242,2159159.55
15243,1099190.18
15244,1569420.37
15245,714992.71
15246,1400639.1
15247,2401932.34
15248,295130.79
15249,612297.7
15250,1096341.7
15251,1099190.18
15252,1099190.18
15253,880898.25
15254,2280686.83
15255,1520040.74
15256,210100.76
15257,322482.95
15258,933333.42
15259,2512820.71
15260,1099190.18
15261,1165235.92
15262,1138200.06
15263,874912.17
15264,400994.03
15265,575818.96
15266,2414939.56
15267,30881.47
15268,517999.83
15269,2076682.36
15270,258195.64
15271,1099190.18
15272,10662.89
15273,393668.98
15274,1648771.45
15275,1856316.93
15276,934894.8
15277,1016816.92
15278,355217.52
15279,2070995.91
15280,686125.31
15281,1310139.21
15282,2084005.54
15283,120776.84
15284,2101347.76
15285,2212821.07
15286,2091586.47
15287,869858.14
15288,780318.16
15289,1099190.18
15290,873525.62
15291,880633.43
15292,2671596.8
15293,1815465.85
15294,611527.24
15295,135017.27
15296,2548909.07
15297,2525377.79
15298,2151388.63
15299,705080.55
15300,785340.59
15301,3526896.38
15302,560333.73
15303,928751.92
15304,327710.46
15305,1589785.52
15306,819069.61
15307,974002.71
15308,787641.13
15309,1439856.14
15310,1073376.99
15311,1746460.82
15312,48141.84
15313,1099190.18
15314,603643
15315,2207307.82
15316,740197.15
15317,1025123.17
15318,44756.95
15319,2515084.23
15320,84821.88
15321,304869.45
15322,690333.35
15323,1373995.68
15324,1805804.02
15325,279232.59
15326,769074.85
15327,375082.49
15328,1313207.38
15329,888445.8
15330,439819.21
15331,1126664.81
15332,2022401.95
15333,1521626.26
15334,1585940.95
15335,437251.8
15336,1746473.97
15337,621921.47
15338,1165216.03
15339,769578.01
15340,1231907.93
15341,834846.46
15342,557931.58
15343,576585.8
15344,1368567.46
15345,648423.62
15346,1936419.71
15347,955825.4
15348,1102054.85
15349,2214728.53
15350,1872889.81
15351,1734255.94
15352,1419669.1
15353,1008214.49
15354,2136516.43
15355,962733.12
15356,1086779.24
15357,1259845.24
15358,179063.34
15359,1196942.83
15360,305723.78
15361,2256869.97
15362,66988.12
15363,2514256.13
15364,306532.84
15365,945371.8
15366,562502.85
15367,1050806.28
15368,404687.93
15369,732435.98
15370,1133094.05
15371,1967933.83
15372,988136.48
15373,1307862.18
15374,702375.7
15375,1724925.33
15376,2576334.49
15377,1460323.33
15378,2443847.18
15379,620380.53
15380,465402.96
15381,1197328.31
15382,1208576.24
15383,762571.95
15384,1364843.24
15385,1319720.02
15386,2034515.73
15387,941468.34
15388,1099190.18
15389,2489757.26
15390,129164.78
15391,2038047.93
15392,1487587.66
15393,1003911.26
15394,426778.35
15395,2482994.04
15396,1893462.86
15397,2048078.55
15398,951180.37
15399,980487.73
15400,1099190.18
15401,2282135.31
15402,215290.3
15403,2040569.39
15404,943842.05
15405,1098689.02
15406,2568056.91
15407,1230131.64
15408,1053303.97
15409,852692.81
15410,2135000.1
15411,978235.21
15412,1517757.36
15413,404330.54
15414,544634.25
15415,1099190.18
15416,1158929.59
15417,1296545.86
15418,331930.7
15419,2411627.57
15420,448044.41
15421,993785.53
15422,1290191.25
15423,882172.84
15424,962478.95
15425,418362.92
15426,785798.1
15427,1331404.46
15428,1705331.64
15429,1691719.62
15430,2529618.1
15431,18796.63
15432,289066.85
15433,1162952.33
15434,442857.94
15435,2056804.62
15436,552448.39
15437,2681087.98
15438,1099190.18
15439,810948.24
15440,1961338.01
15441,1060050.97
15442,1245390.32
15443,1220169.29
15444,352844.2
15445,931917.99
15446,596073.69
15447,903934.73
15448,995605.35
15449,1621947.52
15450,1194165.88
15451,1733401.14
15452,1106907.67
15453,837301.12
15454,863401.83
15455,1328428.86
15456,1455419.49
15457,1247339.33
15458,961105.01
15459,102627.61
15460,1467972.86
15461,547772.63
15462,2677445.14
15463,1370308.4
15464,2720963.75
15465,2534789.06
15466,25044.94
15467,249025.43
15468,901186.64
15469,400596.67
15470,857134.97
15471,876199.06
15472,857912.2
15473,1262652.67
15474,597522.59
15475,12174.46
15476,1338469.89
15477,2527365.17
15478,654891.62
15479,626956.38
15480,30409.06
15481,1609414.53
15482,124005.63
15483,1435532.64
15484,1182031.48
15485,705893.89
15486,318720.27
15487,1664871.26
15488,241219.86
15489,1781691.59
15490,588703.05
15491,2126650.64
15492,652434.34
15493,2032838.04
15494,1966275.48
15495,1044397.14
15496,675527.37
15497,1290057.56
15498,153057.89
15499,1904206.99
15500,1099190.18
15501,404996.12
15502,872894.21
15503,262010.83
15504,470897.7
15505,909870.35
15506,1423598.15
15507,1118339.13
15508,369249.35
15509,1582825.05
15510,1269889.02
15511,809720.6
15512,657770.84
15513,51124.96
15514,763849.72
15515,943411.6
15516,139640.8
15517,839989.57
15518,2143296.54
15519,2403851.84
15520,37179.3
15521,764305.61
15522,1253949.63
15523,1192128.57
15524,670785.84
15525,1593900.2
15526,866148.03
15527,969406.45
15528,965923.22
15529,434226.21
15530,564699.88
15531,108992.7
15532,2681477.37
15533,1160097.99
15534,165763.83
15535,1398121.15
15536,1221831.15
15537,1246140.28
15538,1132641.48
15539,1958637.2
15540,700494.09
15541,1689779.62
15542,7174.71
15543,901460.11
15544,1351474.16
15545,178447.43
15546,1293892.72
15547,1664675.96
15548,562905.03
15549,1160821.92
15550,399229.26
15551,916855.82
15552,906015.31
15553,1031400.76
15554,1313433.49
15555,776503.21
15556,837899.85
15557,2397878.94
15558,1066802.14
15559,1116247.13
15560,850796.39
15561,1793781.3
15562,1169480.18
15563,698304.98
15564,884955.92
15565,1740624.1
15566,843890.43
15567,1339990.05
15568,1127539.23
15569,717593.6
15570,2409045.09
15571,519781.51
15572,2280076.75
15573,900316.99
15574,1663444.79
15575,2512035.34
15576,2362948.45
15577,1629927.41
15578,1113467.66
15579,1346921.87
15580,2305307.84
15581,2531753.59
15582,1330545.45
15583,1794946.02
15584,75857.07
15585,229210.62
15586,543329.04
15587,1099190.18
15588,1994290.05
15589,1416524.83
15590,2495111
15591,828305.84
15592,1256937.7
15593,1890588.72
15594,1706266.59
15595,1303518.3
15596,96736.11
15597,575614.59
15598,277254.08
15599,57239.42
15600,928886.3
15601,24906.21
15602,2203570.58
15603,119168.45
15604,961824.83
15605,1984090.93
15606,1632073.22
15607,893357.28
15608,1022509.33
15609,1966773.71
15610,1139788.21
15611,322344
15612,855137.63
15613,2057286.06
15614,1099190.18
15615,2370389.82
15616,1099190.18
15617,1001007.15
15618,2862682.25
15619,324744.22
15620,1012612.47
15621,1233238.11
15622,1099190.18
15623,870324.51
15624,557409.94
15625,1100446.02
15626,121974.1
15627,876804.1
15628,2294329
15629,472981.85
15630,940187.61
15631,1099190.18
15632,293389.49
15633,2318498.54
15634,608963.05
15635,596000.37
15636,2222696.16
15637,167481.3
15638,1076576.19
15639,302812.04
15640,636073.58
15641,1749635.14
15642,1264086.5
15643,1099190.18
15644,247055.81
15645,942612.29
15646,816566.86
15647,2146358.68
15648,861258.71
15649,2292867.37
15650,878536.89
15651,2046377.37
15652,899772.03
15653,234634.4
15654,1949395.63
15655,2060432.98
15656,1653818.87
15657,1210196.45
15658,1474855.86
15659,1064826.1
15660,2199803.1
15661,58895.66
15662,549243.28
15663,333445.27
15664,2187801.86
15665,1099190.18
15666,1621367.38
15667,554367.95
15668,149908.64
15669,1099190.18
15670,391250.58
15671,2381462.13
15672,936078.91
15673,797531.81
15674,2209442.59
15675,2399824.83
15676,359471.22
15677,881117.56
15678,148250.1
15679,1123819.35
15680,1193848.93
15681,1469421.12
15682,1103607.85
15683,917197.71
15684,738516.62
15685,1747038.05
15686,318422.63
15687,1188684.22
15688,1758114.29
15689,327956.87
15690,1099190.18
15691,1636193.44
15692,2197177.19
15693,1111629.47
15694,636326.92
15695,1292754.17
15696,2329572.16
15697,1055796.4
15698,895997.39
15699,1369226.32
15700,1153837.87
15701,401272.32
15702,256799.34
15703,1852778.55
15704,1597119.77
15705,1304025.25
15706,1099190.18
15707,2518905.76
15708,731151.29
15709,1640622.78
15710,507375.13
15711,973573.26
15712,364624.11
15713,1099190.18
15714,970502.85
15715,550760.55
15716,2134227.39
15717,216231.25
15718,1099190.18
15719,560837.31
15720,806114.19
15721,2335244.97
15722,1052618.4
15723,726310.37
15724,728364.39
15725,1478811.91
15726,60908.82
15727,1742281.86
15728,1482500.24
15729,357635.39
15730,1168509.37
15731,1190887.64
15732,641498.48
15733,2113441.51
15734,1393641.59
15735,874341.81
15736,1790310.66
15737,2402377.84
15738,782594.46
15739,2196518.06
15740,396810.57
15741,29194.43
15742,1099190.18
15743,952058.51
15744,860990.34
15745,1594116.08
15746,1396058.61
15747,2672451.7
15748,1091306.81
15749,956908.38
15750,1170352.42
15751,890620.56
15752,2401887.5
15753,449923.12
15754,1458816.4
15755,211668.7
15756,1409713.05
15757,1099190.18
15758,615704.97
15759,66214.35
15760,825681.62
15761,1394637.27
15762,807507.2
15763,2164042.12
15764,2075458.59
15765,1381656.37
15766,362408.75
15767,2106009.11
15768,189171.04
15769,1544077.17
15770,952093.94
15771,2421955.41
15772,1646354.88
15773,797682.11
15774,1099190.18
15775,2101696.65
15776,1442159.08
15777,961922.08
15778,987498.18
15779,1096599.36
15780,1065195.82
15781,3057165.91
15782,1291715.15
15783,3224079.85
15784,2614483.92
15785,985924.1
15786,1171729.39
15787,1099190.18
15788,978131.04
15789,1737870.33
15790,740943.1
15791,44354.15
15792,1007319.7
15793,1479039.12
15794,1368217.33
15795,2707082.17
15796,2945123.35
15797,1284082.17
15798,323242.15
15799,415678.42
15800,943513.14
15801,1420747.79
15802,849581.73
15803,853015.81
15804,1160155.08
15805,1755237.69
15806,295006.38
15807,217031.08
15808,1201224.78
15809,1398501.69
15810,834600.72
15811,940407.74
15812,2415836.77
15813,874347.44
15814,729479.05
15815,508703.96
15816,1912791.51
15817,845211.45
15818,860719.73
15819,749702.23
15820,699577.39
15821,572413.06
15822,798365.6
15823,1719512.05
15824,762081.34
15825,155385.85
15826,82847.01
15827,2849971.45
15828,2495510.18
15829,1049389.5
15830,1090796.99
15831,314515.6
15832,1094733.31
15833,1230832.18
15834,682881.78
15835,1876863.14
15836,687361.07
15837,2829284.53
15838,2603046.49
15839,531196.64
15840,1709587.26
15841,2192325.95
15842,1099190.18
15843,1264895.13
15844,1253605.22
15845,1099190.18
15846,1099190.18
15847,625016.06
15848,1144089.95
15849,2470570.85
15850,833941.5
15851,440474.55
15852,282642.03
15853,1218437.57
15854,1035957.84
15855,2114996.17
15856,1450666.24
15857,972254.66
15858,191190.63
15859,1099190.18
15860,1028644.16
15861,950773.01
15862,1775068.51
15863,1348368.83
15864,729659.89
15865,2717497.68
15866,2010525.19
15867,694841.82
15868,1207592.03
15869,1022209.8
15870,240562.36
15871,1295148.88
15872,1099190.18
15873,10814.19
15874,782691.96
15875,192785.69
15876,876646.01
15877,1503392.72
15878,1677654.59
15879,1471465.54
15880,368779.42
15881,1748053.14
15882,636571.41
15883,576030.7
15884,2852443.39
15885,473945.16
15886,872476.5
15887,487164.27
15888,777725.82
15889,651970.14
15890,564475.61
15891,1595663.46
15892,639052.87
15893,1642380.2
15894,717702.62
15895,870571.25
15896,948883.79
15897,541179.11
15898,910725.32
15899,2075853.89
15900,1003542.28
15901,1149381.5
15902,1099190.18
15903,1025027.27
15904,589167.48
15905,617882.14
15906,934964.38
15907,2409318.33
15908,979827.23
15909,2418330.14
15910,1743366.02
15911,919577.95
15912,1837119.4
15913,1610843.81
15914,2239945.5
15915,808026.27
15916,662784.68
15917,1566799.47
15918,234685.58
15919,874732.11
15920,545008.83
15921,1669530.2
15922,2328311.14
15923,767246.86
15924,1000223.47
15925,1000870.15
15926,1345656
15927,787531.26
15928,838794.71
15929,583485.02
15930,1459480.83
15931,1548015.47
15932,1091293.62
15933,376675.5
15934,764493.94
15935,1292167.71
15936,302915.17
15937,1099190.18
15938,856072.14
15939,2305547.79
15940,1679927.7
15941,1444761.73
15942,1202924.97
15943,667438.87
15944,221065.6
15945,541520.18
15946,2183163.9
15947,2143162.8
15948,974619.45
15949,643271.01
15950,887673.97
15951,863531.38
15952,2131689.5
15953,491960.03
15954,2306377.64
15955,903682.83
15956,1124845.5
15957,942229.53
15958,78100.42
15959,2652631.35
15960,969699.57
15961,1437220.05
15962,973550.54
15963,1052006.28
15964,1617750.08
15965,1400738.55
15966,1155306.44
15967,424010.49
15968,799430.61
15969,1415904.64
15970,1099190.18
15971,2485365.75
15972,2189015.74
15973,1099190.18
15974,783147.9
15975,2108182.19
15976,1573012.31
15977,1034109.4
15978,18709.35
15979,2286189.62
15980,1099190.18
15981,920515.08
15982,544064.16
15983,1315502.18
15984,1878209.58
15985,850884.09
15986,1756367.19
15987,579489.68
15988,1052835.1
15989,186486.49
15990,2085669.57
15991,11522.53
15992,1099190.18
15993,1909783.61
15994,646253.04
15995,1211239.48
15996,1458385.66
15997,1021191.39
15998,1982968.37
15999,2306658.87
16000,795533.26
16001,2391735.59
16002,2107044.18
16003,1064706.36
16004,1485007.94
16005,399721.79
16006,874947.18
16007,781727.9
16008,934315.67
16009,794905.58
16010,377892.41
16011,1031267.72
16012,1173324.33
16013,250479.64
16014,1278028.46
16015,238249.2
16016,1750111.17
16017,1014642.03
16018,258594.23
16019,344.59
16020,1592205.37
16021,1099190.18
16022,519892.08
16023,387616.95
16024,2419506.1
16025,1001907.71
16026,521993.51
16027,369248.35
16028,2073129.98
16029,484201.16
16030,1232652.87
16031,1106717.91
16032,1922005.44
16033,1046412.32
16034,1037314.44
16035,288528.4
16036,1068690.97
16037,2388187.65
16038,22481.6
16039,1099190.18
16040,2403269.6
16041,1430528.66
16042,491396.85
16043,1566675.02
16044,2223206.35
16045,1784342.39
16046,2385744.84
16047,1795397.87
16048,589178.01
16049,2571625.71
16050,610699.74
16051,1581712
16052,1399707.66
16053,1002876.24
16054,810787.25
16055,1168279.98
16056,1099190.18
16057,794431.34
16058,1692507.74
16059,863872.23
16060,1469520.06
16061,996917.21
16062,628561.35
16063,901870.84
16064,264530.71
16065,2858539.24
16066,934735.68
16067,787125.04
16068,309744.13
16069,383213.87
16070,785122.92
16071,1315151.35
16072,985494
16073,1000389.08
16074,862518.14
16075,1129518.93
16076,392787.05
16077,1389275.92
16078,2120875.81
16079,133777.03
16080,611808.33
16081,1302844.09
16082,564168.44
16083,1175656.07
16084,1743989.33
16085,1353847.94
16086,929233.92
16087,1030042.92
16088,1757179.35
16089,1099190.18
16090,1277266.72
16091,3138499.89
16092,664334.94
16093,935013.88
16094,940727.74
16095,1099190.18
16096,1232656.04
16097,1462375.29
16098,1236582.55
16099,1051429.6
16100,2091984.1
16101,176560.86
16102,1667180.22
16103,843848.08
16104,912297.71
16105,688426.14
16106,481309.9
16107,741583.15
16108,936996.07
16109,1094254.77
16110,703506.49
16111,1094985.08
16112,341653.46
16113,1674795.75
16114,191225.01
16115,164792.96
16116,716993.52
16117,1525965.16
16118,732186.94
16119,925928.78
16120,1279747.85
16121,2077210.07
16122,1580396.24
16123,2264260.27
16124,947203.87
16125,379937.09
16126,908745.21
16127,1492519.29
16128,1399955.72
16129,1443540.69
16130,1231148.8
16131,844911.24
16132,846450.85
16133,451082.83
16134,927567.47
16135,2078146.74
16136,925913.94
16137,1663964.24
16138,638836.84
16139,1108087.45
16140,2077320.12
16141,1227941.56
16142,1143745.67
16143,927214.01
16144,998134.91
16145,1332363.77
16146,1099190.18
16147,3228796.21
16148,378469.15
16149,2356225.46
16150,695818.17
16151,2352973.09
16152,1166695.92
16153,248177.34
16154,2216236.68
16155,1186065.64
16156,2201264.06
16157,1712540.34
16158,1834588.36
16159,917340.81
16160,417848.54
16161,495693.02
16162,1214169.5
16163,52522.25
16164,705178.88
16165,1098099.09
16166,2255098.45
16167,1333391.7
16168,1055940.37
16169,297230.68
16170,1760213.92
16171,992646.8
16172,1099190.18
16173,1771093.01
16174,2058788.68
16175,1292829.52
16176,2068836.79
16177,854495.17
16178,1101296.4
16179,803388.72
16180,2446606.93
16181,534405.19
16182,1393176.57
16183,220038.85
16184,84345.91
16185,1435631.17
16186,3038096.55
16187,222696.33
16188,1977441.71
16189,882163.61
16190,766140.45
16191,316130.24
16192,1099190.18
16193,789548.29
16194,779022.6
16195,799177.45
16196,2193175.78
16197,396385.07
16198,645094.43
16199,1715355.67
16200,675814.84
16201,1061738.09
16202,891185.61
16203,370324.82
16204,844125.61
16205,214799.18
16206,1556766.81
16207,1187965.7
16208,1015557.19
16209,312717.41
16210,981156.86
16211,1008141.03
16212,1376281.43
16213,1099190.18
16214,119827.21
16215,1252813.72
16216,704671.32
16217,2591308.09
16218,864064.7
16219,1368851.7
16220,135593.72
16221,1528870.89
16222,660114.46
16223,1772999.7
16224,853794.97
16225,804000.96
16226,2025840.68
16227,384671.77
16228,158428.72
16229,1383887.19
16230,1027074.41
16231,1094099.09
16232,88545.16
16233,880924.83
16234,799527.83
16235,1024292.01
16236,1622753.38
16237,1734700.11
16238,1613630.06
16239,371916.37
16240,1004163.43
16241,848930.61
16242,1993411.87
16243,1370598.2
16244,612034.32
16245,1139063.09
16246,1099190.18
16247,1343186.67
16248,1099190.18
16249,2863896.72
16250,775658.01
16251,821761.19
16252,370630.57
16253,1239870.96
16254,2871694.51
16255,1156495.89
16256,501768.84
16257,570573.99
16258,1260267.28
16259,1072593.67
16260,652683.44
16261,1550372.83
16262,880404.42
16263,2072115.5
16264,1849011.25
16265,787618.41
16266,1690112.07
16267,910628.59
16268,2518185.1
16269,1082523.43
16270,2165273.43
16271,511472.14
16272,141330.59
16273,318254.28
16274,922338.26
16275,872046.15
16276,1224833.94
16277,705881.84
16278,1385211.14
16279,1270975.43
16280,844072.48
16281,779618.19
16282,1004894.14
16283,1002481.02
16284,2712406.22
16285,837039
16286,1147134.24
16287,1008979.9
16288,2037005.16
16289,1982850.43
16290,915503.02
16291,1099190.18
16292,372226.36
16293,1959810.36
16294,11855.55
16295,1080233.8
16296,38770.13
16297,659586.46
16298,1390309.2
16299,514731.89
16300,1975914.52
16301,664016.16
16302,1194465.14
16303,2138643.14
16304,1049495.46
16305,295773.25
16306,2380862.17
16307,913443.63
16308,655098.94
16309,1299992.03
16310,1894414.67
16311,1234323.1
16312,864108.72
16313,1197156.28
16314,747374.03
16315,1305993.53
16316,1881924.27
16317,615663.65
16318,1573555.81
16319,686594.95
16320,1256274.18
16321,483906.06
16322,632447.97
16323,1709522.66
16324,1550905.79
16325,1016071.69
16326,411007.84
16327,1337806.27
16328,1600715.53
16329,847480.12
16330,1328452.37
16331,2022653.65
16332,2440544.67
16333,1114542.54
16334,1442159.08
16335,1099190.18
16336,1099190.18
16337,1870147.33
16338,739282.87
16339,1099190.18
16340,34454.31
16341,1411846.51
16342,1239028.4
16343,2016956.97
16344,803709.4
16345,2454111.94
16346,297707.69
16347,1985700.98
16348,892105.89
16349,900106.75
16350,303647.92
16351,925783.66
16352,860479.31
16353,1099190.18
16354,1165800.81
16355,1162775.09
16356,1890721.38
16357,317549.7
16358,1145297.31
16359,1504429.04
16360,2172771.91
16361,1357428.13
16362,26530.62
16363,713286.66
16364,1293919.94
16365,763868.94
16366,2003971.37
16367,1317215.09
16368,1099190.18
16369,1250045
16370,1558835.43
16371,1363753.84
16372,2881790.01
16373,364568.25
16374,32081.36
16375,362673.48
16376,2106123.4
16377,1550595.52
16378,1353099.66
16379,2952628.28
16380,476166.4
16381,351440.72
16382,2105620.79
16383,690731.58
16384,1821183.74
16385,2470917.24
16386,1398917.61
16387,1032965.03
16388,336283.05
16389,991475.73
16390,1291174.54
16391,1099190.18
16392,2207875.21
16393,2348793.03
16394,1666924.87
16395,2029697.93
16396,2259888.61
16397,1023124.08
16398,1027434.32
16399,6760.73
16400,2053386.84
16401,751029.74
16402,1078256.41
16403,469497.69
16404,858285.42
16405,817162.89
16406,298341.13
16407,1400925.3
16408,1455003.49
16409,2514561.27
16410,643268.49
16411,2489491.91
16412,111321.05
16413,2201089.34
16414,1812104.49
16415,96858.03
16416,1089769.01
16417,2513327.94
16418,1099190.18
16419,907652.89
16420,1099190.18
16421,1099190.18
16422,1135092.79
16423,705832.73
16424,1099190.18
16425,674597.72
16426,919505.67
16427,575518.9
16428,1614308.44
16429,1907276.44
16430,271307.44
16431,1332822.67
16432,974412.97
16433,844262.88
16434,731443.96
16435,2405538.59
16436,1098463.31
16437,1575055.17
16438,1372761.13
16439,1193389.71
16440,93905.23
16441,501880.09
16442,405739.87
16443,899803.38
16444,792716.1
16445,185793.08
16446,1099190.18
16447,49306.44
16448,868337.37
16449,1020532.2
16450,888950.69
16451,1031197.19
16452,689901.29
16453,745880.06
16454,502382.47
16455,1404854.86
16456,922577.85
16457,1099190.18
16458,226162.38
16459,1464217.3
16460,1099190.18
16461,1319423.01
16462,335589.43
16463,1141486.28
16464,1536091.61
16465,113636.67
16466,880079.51
16467,1899978.87
16468,2516324.97
16469,292338.14
16470,2362778.78
16471,1099190.18
16472,9886.83
16473,1023826.28
16474,817993.85
16475,790461.97
16476,410851.2
16477,1763996.75
16478,1388809.03
16479,1334412.32
16480,1095232.25
16481,2025507.44
16482,549734.99
16483,684749.5
16484,701622.71
16485,699674.04
16486,438430.06
16487,1099190.18
16488,1113011.09
16489,1232793.26
16490,913817.54
16491,1252359.37
16492,2516339.08
16493,655906.37
16494,2119326.06
16495,176095.31
16496,1129483.98
16497,1166480.11
16498,381315.12
16499,1099190.18
16500,407827.86
16501,1347415.01
16502,1195925.41
16503,1268606.74
16504,95299.42
16505,389154.58
16506,333935.55
16507,1627182.74
16508,550751.01
16509,999932.9
16510,417660.89
16511,258047.41
16512,1635480.86
16513,2192072.4
16514,893812.27
16515,1290520.54
16516,1656568.82
16517,534230.33
16518,773680.54
16519,764196.28
16520,617939.53
16521,963431.3
16522,1268838.48
16523,1937438.21
16524,322565.09
16525,1327621.31
16526,2083770.33
16527,1105431.93
16528,414040.53
16529,1321333.72
16530,836337.6
16531,999093.41
16532,620011.45
16533,615580.25
16534,1980981.14
16535,1152768.6
16536,1218302.33
16537,899533.91
16538,794896.79
16539,1968700.11
16540,1724876.62
16541,1850962.28
16542,1393992.9
16543,1006571.35
16544,419316.75
16545,918418.53
16546,1090171.19
16547,2332328.41
16548,1099190.18
16549,967577.96
16550,1131878.3
16551,1917131.19
16552,1398804.8
16553,516634.98
16554,758015.03
16555,976216.42
16556,998638.72
16557,572103.13
16558,559059.44
16559,670584.97
16560,877078.36
16561,38838.12
16562,815770.08
16563,1194229.11
16564,3279948.33
16565,1245655.93
16566,928196.34
16567,930351.48
16568,1173142.76
16569,1311672.26
16570,876127.13
16571,1177497.52
16572,424013.69
16573,1099190.18
16574,1573162.47
16575,139305.1
16576,427436.13
16577,2086417.26
16578,276234.6
16579,1742525.51
16580,282424.87
16581,289990.68
16582,480039.78
16583,155213.45
16584,2052395.41
16585,1623660.2
16586,1755045.41
16587,198080.63
16588,977714.28
16589,1061044.07
16590,1420832.83
16591,1262091.71
16592,1621439.62
16593,1650629.81
16594,1793654.08
16595,1105496.97
16596,527604.33
16597,1982563.44
16598,1883734.07
16599,1331124.69
16600,1058188.74
16601,1451509.99
16602,951327.47
16603,605252.33
16604,1745910.56
16605,421156.9
16606,2174984.06
16607,74800.75
16608,1308187.21
16609,2964619.48
16610,2340968.37
16611,962638.84
16612,441073.26
16613,299355.72
16614,1223571.89
16615,627239.53
